-- MySQL dump 10.16  Distrib 10.1.44-MariaDB, for debian-linux-gnu (x86_64)
--
-- Host: 127.0.0.1    Database: 2vggsbuang
-- ------------------------------------------------------
-- Server version	10.1.44-MariaDB-0ubuntu0.18.04.1

/*!40101 SET @OLD_CHARACTER_SET_CLIENT=@@CHARACTER_SET_CLIENT */;
/*!40101 SET @OLD_CHARACTER_SET_RESULTS=@@CHARACTER_SET_RESULTS */;
/*!40101 SET @OLD_COLLATION_CONNECTION=@@COLLATION_CONNECTION */;
/*!40101 SET NAMES utf8mb4 */;
/*!40103 SET @OLD_TIME_ZONE=@@TIME_ZONE */;
/*!40103 SET TIME_ZONE='+00:00' */;
/*!40014 SET @OLD_UNIQUE_CHECKS=@@UNIQUE_CHECKS, UNIQUE_CHECKS=0 */;
/*!40014 SET @OLD_FOREIGN_KEY_CHECKS=@@FOREIGN_KEY_CHECKS, FOREIGN_KEY_CHECKS=0 */;
/*!40101 SET @OLD_SQL_MODE=@@SQL_MODE, SQL_MODE='NO_AUTO_VALUE_ON_ZERO' */;
/*!40111 SET @OLD_SQL_NOTES=@@SQL_NOTES, SQL_NOTES=0 */;

--
-- Table structure for table `batch`
--

DROP TABLE IF EXISTS `batch`;
/*!40101 SET @saved_cs_client     = @@character_set_client */;
/*!40101 SET character_set_client = utf8 */;
CREATE TABLE `batch` (
  `Batch_ID` int(11) NOT NULL AUTO_INCREMENT,
  `Branch_ID` int(11) NOT NULL,
  `Semester` int(11) NOT NULL,
  `Grad_Year` year(4) NOT NULL,
  `Section` tinytext COLLATE utf8_unicode_ci NOT NULL,
  `Batch_No` tinyint(4) NOT NULL,
  PRIMARY KEY (`Batch_ID`)
) ENGINE=InnoDB AUTO_INCREMENT=9 DEFAULT CHARSET=utf8 COLLATE=utf8_unicode_ci;
/*!40101 SET character_set_client = @saved_cs_client */;

--
-- Dumping data for table `batch`
--

LOCK TABLES `batch` WRITE;
/*!40000 ALTER TABLE `batch` DISABLE KEYS */;
INSERT INTO `batch` (`Batch_ID`, `Branch_ID`, `Semester`, `Grad_Year`, `Section`, `Batch_No`) VALUES (1,1,5,2021,'B',2),(2,1,5,2021,'B',1),(3,2,5,2021,'B',1),(4,2,5,2021,'B',2),(5,1,5,2021,'A',1),(6,1,5,2021,'A',2),(7,2,5,2021,'B',1),(8,2,5,2021,'B',2);
/*!40000 ALTER TABLE `batch` ENABLE KEYS */;
UNLOCK TABLES;

--
-- Table structure for table `branch`
--

DROP TABLE IF EXISTS `branch`;
/*!40101 SET @saved_cs_client     = @@character_set_client */;
/*!40101 SET character_set_client = utf8 */;
CREATE TABLE `branch` (
  `Branch_ID` int(11) NOT NULL AUTO_INCREMENT,
  `Branch_Name` varchar(100) COLLATE utf8_unicode_ci NOT NULL,
  `Dept_ID` int(11) NOT NULL,
  PRIMARY KEY (`Branch_ID`)
) ENGINE=InnoDB AUTO_INCREMENT=3 DEFAULT CHARSET=utf8 COLLATE=utf8_unicode_ci;
/*!40101 SET character_set_client = @saved_cs_client */;

--
-- Dumping data for table `branch`
--

LOCK TABLES `branch` WRITE;
/*!40000 ALTER TABLE `branch` DISABLE KEYS */;
INSERT INTO `branch` (`Branch_ID`, `Branch_Name`, `Dept_ID`) VALUES (1,'Information Technology',1),(2,'Computer & Communication Engineering',1);
/*!40000 ALTER TABLE `branch` ENABLE KEYS */;
UNLOCK TABLES;

--
-- Table structure for table `department`
--

DROP TABLE IF EXISTS `department`;
/*!40101 SET @saved_cs_client     = @@character_set_client */;
/*!40101 SET character_set_client = utf8 */;
CREATE TABLE `department` (
  `Dept_ID` int(11) NOT NULL AUTO_INCREMENT,
  `Dept_Name` varchar(100) COLLATE utf8_unicode_ci NOT NULL,
  PRIMARY KEY (`Dept_ID`)
) ENGINE=InnoDB AUTO_INCREMENT=4 DEFAULT CHARSET=utf8 COLLATE=utf8_unicode_ci;
/*!40101 SET character_set_client = @saved_cs_client */;

--
-- Dumping data for table `department`
--

LOCK TABLES `department` WRITE;
/*!40000 ALTER TABLE `department` DISABLE KEYS */;
INSERT INTO `department` (`Dept_ID`, `Dept_Name`) VALUES (1,'Information and Communication Technology'),(2,'Computer Science'),(3,'Electrical');
/*!40000 ALTER TABLE `department` ENABLE KEYS */;
UNLOCK TABLES;

--
-- Table structure for table `desc_resp`
--

DROP TABLE IF EXISTS `desc_resp`;
/*!40101 SET @saved_cs_client     = @@character_set_client */;
/*!40101 SET character_set_client = utf8 */;
CREATE TABLE `desc_resp` (
  `S_ID` int(11) NOT NULL,
  `Q_ID` int(11) NOT NULL,
  `Response` text COLLATE utf8_unicode_ci NOT NULL,
  `Marks_Awarded` double NOT NULL DEFAULT '0',
  `INS_EVAL` tinyint(1) NOT NULL DEFAULT '0',
  `img` text COLLATE utf8_unicode_ci,
  PRIMARY KEY (`S_ID`,`Q_ID`),
  KEY `FK_desc_resp_student` (`S_ID`),
  KEY `FK_desc_resp_ques` (`Q_ID`),
  CONSTRAINT `FK_desc_resp_ques` FOREIGN KEY (`Q_ID`) REFERENCES `descriptive` (`Q_ID`) ON DELETE CASCADE ON UPDATE CASCADE,
  CONSTRAINT `FK_desc_resp_student` FOREIGN KEY (`S_ID`) REFERENCES `student` (`S_ID`) ON DELETE CASCADE ON UPDATE CASCADE
) ENGINE=InnoDB DEFAULT CHARSET=utf8 COLLATE=utf8_unicode_ci;
/*!40101 SET character_set_client = @saved_cs_client */;

--
-- Dumping data for table `desc_resp`
--

LOCK TABLES `desc_resp` WRITE;
/*!40000 ALTER TABLE `desc_resp` DISABLE KEYS */;
INSERT INTO `desc_resp` (`S_ID`, `Q_ID`, `Response`, `Marks_Awarded`, `INS_EVAL`, `img`) VALUES (1,13,' <img src = \"\" alt = \"hacked\">',0,0,'data:image/png;base64,iVBORw0KGgoAAAANSUhEUgAABVQAAAGOCAYAAAB47oh+AAAgAElEQVR4Xu3dCbB1WVke4HfZNMg8KMggqGES0DgFJxQVNRTiHCdKQQ2WQYM4pASDQFQwihhF4oAajQMEMVHaQFQE1ARFUXG2ERBUpJVBQcYe6S+1tufvun29wzrTvWd4dhVFVf/f3nutZ6/7333ef521WhwECBAgQIAAAQIECBAgQIAAAQIECBAgMCTQhqoUESBAgAABAgQIECBAgAABAgQIECBAgEAEqgYBAQIECBAgQIAAAQIECBAgQIAAAQIEBgUEqoNQyggQIECAAAECBAgQIECAAAECBAgQICBQNQYIECBAgAABAgQIECBAgAABAgQIECAwKCBQHYRSRoAAAQIECBAgQIAAAQIECBAgQIAAAYGqMUCAAAECBAgQIECAAAECBAgQIECAAIFBAYHqIJQyAgQIECBAgAABAgQIECBAgAABAgQICFSNAQIECBAgQIAAAQIECBAgQIAAAQIECAwKCFQHoZQRIECAAAECBAgQIECAAAECBAgQIEBAoGoMECBAgAABAgQIECBAgAABAgQIECBAYFBAoDoIpYwAAQIECBAgQIAAAQIECBAgQIAAAQICVWOAAAECBAgQIECAAAECBAgQIECAAAECgwIC1UEoZQQIECBAgAABAgQIECBAgAABAgQIEBCoGgMECBAgQIAAAQIECBAgQIAAAQIECBAYFBCoDkIpI0CAAAECBAgQIECAAAECBAgQIECAgEDVGCBAgAABAgQIECBAgAABAgQIECBAgMCggEB1EEoZAQIECBAgQIAAAQIECBAgQIAAAQIEBKrGAAECBAgQIECAAAECBAgQIECAAAECBAYFBKqDUMoIECBAgAABAgQIECBAgAABAgQIECAgUDUGCBAgQIAAAQIECBAgQIAAAQIECBAgMCggUB2EUkaAAAECBAgQIECAAAECBAgQIECAAAGBqjFAgAABAgQIECBAgAABAgQIECBAgACBQQGB6iCUMgIECBAgQIAAAQIECBAgQIAAAQIECAhUjQECBAgQIECAAAECBAgQIECAAAECBAgMCghUB6GUESBAgAABAgQIECBAgAABAgQIECBAQKBqDBAgQIAAAQIECBAgQIAAAQIECBAgQGBQQKA6CKWMAAECBAgQIECAAAECBAgQIECAAAECAlVjgAABAgQIECBAgAABAgQIECBAgAABAoMCAtVBKGUECBAgQIAAAQIECBAgQIAAAQIECBAQqBoDBAgQIECAAAECBAgQIECAAAECBAgQGBQQqA5CKSNAgAABAgQIECBAgAABAgQIECBAgIBA1RggQIAAAQIECBAgQIAAAQIECBAgQIDAoIBAdRBKGQECBAgQIECAAAECBAgQIECAAAECBASqxgABAgQIECBAgAABAgQIECBAgAABAgQGBQSqg1DKCBAgQIAAAQIECBAgQIAAAQIECBAgIFA1BggQIECAAAECBAgQIECAAAECBAgQIDAoIFAdhFJGgAABAgQIECBAgAABAgQIECBAgAABgaoxQIAAAQIECBAgQIAAAQIECBAgQIAAgUEBgeoglDICBAgQIECAAAECBAgQIECAAAECBAgIVI0BAgQIECBAgAABAgQIECBAgAABAgQIDAoIVAehlBEgQIAAAQIECBAgQIAAAQIECBAgQECgagwQIECAAAECBAgQIECAAAECBAgQIEBgUECgOgiljAABAgQIECBAgAABAgQIECBAgAABAgJVY4AAAQIECBAgQIAAAQIECBAgQIAAAQKDAgLVQShlBAgQIECAAAECBAgQIECAAAECBAgQEKgaAwQIECBAgAABAgQIECBAgAABAgQIEBgUEKgOQikjQIAAAQIECBAgQIAAAQIECBAgQICAQNUYIECAAAECBAgQIECAAAECBAgQIECAwKCAQHUQShkBAgQIECBAgAABAgQIECBAgAABAgQEqsYAAQIECBAgQIAAAQIECBAgQIAAAQIEBgUEqoNQyggQIECAAAECBAgQIECAAAECBAgQICBQNQYIECBAgAABAgQIECBAgAABAgQIECAwKCBQHYRSRoAAAQIECBAgQIAAAQIECBAgQIAAAYGqMUCAAAECBAgQIECAAAECBAgQIECAAIFBAYHqIJQyAgQIECBAgAABAgQIECBAgAABAgQICFSNAQIECBAgQIAAAQIECBAgQIAAAQIECAwKCFQHoZQRIECAAAECBAgQIECAAAECBAgQIEBAoGoMECBAgAABAgQIECBAgAABAgQIECBAYFBAoDoIpYwAAQIECBAgQIAAAQIECBAgQIAAAQICVWOAAAECBAgQIECAAAECBAgQIECAAAECgwIC1UEoZQQIECBAgAABAgQIECBAgAABAgQIEBCoGgMECBAgQIAAAQIECBAgQIAAAQIECBAYFBCoDkIpI0CAAAECBAgQIECAAAECBAgQIECAgEDVGCBAgAABAgQIECBAgAABAgQIECBAgMCggEB1EEoZAQIECBAgQIAAAQIECBAgQIAAAQIEBKrGAAECBAgQIECAAAECBAgQIECAAAECBAYFBKqDUMoIECBAgAABAgQIECBAgAABAgQIECAgUDUGCBAgQIAAAQIECBAgQIAAAQIECBAgMCggUB2EUkaAAAECBAgQIECAAAECBAgQIECAAAGBqjFAgAABAgQIECBAgAABAgQIECBAgACBQQGB6iCUMgIECBAgQIAAAQIECBAgQIAAAQIECAhUjQECBAgQIECAAAECBAgQIECAAAECBAgMCghUB6GUESBAgAABAgQIECBAgAABAgQIECBAQKBqDBAgQIAAAQIECBAgQIAAAQIECBAgQGBQQKA6CKWMAAECBAgQIECAAAECBAgQIECAAAECAlVjgAABAgQIECBAgAABAgQIECBAgAABAoMCAtVBKGUECBAgQIAAAQIECBAgQIAAAQIECBAQqBoDBAgQIECAAAECBAgQIECAAAECBAgQGBQQqA5CKSNAgAABAgQIECBAgAABAgQIECBAgIBA1RggQIAAAQIECBAgQIAAAQIECBAgQIDAoIBAdRBKGQECBAgQIECAAAECBAgQIECAAAECBASqxgABAgQIECBAgAABAgQIECBAgAABAgQGBQSqg1DKCBAgQIAAAQIECBAgQIAAAQIECBAgIFA1BggQIECAAAECBAgQIECAAAECBAgQIDAoIFAdhFJGgAABAgQIECBAgAABAgQIECBAgAABgaoxQIAAAQIECBAgQIAAAQIECBAgQIAAgUEBgeoglDICBAgQIECAAAECBAgQIECAAAECBAgIVI0BAgQIECBAgAABAgQIECBAgAABAgQIDAoIVAehlBEgQIAAAQIECBAgQIAAAQIECBAgQECgagwQIECAAAECBAgQIECAAAECBAgQIEBgUECgOgiljAABAgQIECBAgAABAgQIECBAgAABAgJVY4AAAQIECBAgQIAAAQIECBAgQIAAAQKDAgLVQShlBAgQIECAAAECBAgQIECAAAECBAgQEKgaAwQIECBAgAABAgQIECBAgAABAgQIEBgUEKgOQikjQIAAAQIECBAgQIAAAQIECBAgQICAQNUYIECAAAECBAgQIECAAAECBAgQIECAwKCAQHUQShkBAgQIECBAgAABAgQIECBAgAABAgQEqsYAAQIECBAgQIAAAQIECBAgQIAAAQIEBgUEqoNQyggQIECAAAECBAgQIECAAAECBAgQICBQNQYIECBAgAABAgQIECBAgAABAgQIECAwKCBQHYRSRoAAAQIECBAgQIAAAQIECBAgQIAAAYGqMUCAAAECBAgQIECAAAECBAgQIECAAIFBAYHqIJQyAgQIECBAgAABAgQIECBAgAABAgQICFSNAQIECBAgQIAAAQIECBAgQIAAAQIECAwKCFQHoZQRIECAAAECBAgQIECAAAECBAgQIEBAoGoMECBAgAABAgQIECBAgAABAgQIECBAYFBAoDoIpYwAAQIECBAgQIAAAQIECBAgQIAAAQICVWOAAAECBAgQIECAAAECBAgQIECAAAECgwIC1UEoZQQIECBAgMD5ClTl7UluOmvF1Ule3Fo+5Xxb5e4ECBAgQIAAAQIECOybgEB13564/hIgQIAAgS0QqMr9krwwyY2SjL6vVJJ3Jnlya3nSFnRTEwkQIECAAAECBAgQ2EKB0Q8oW9g1TSZAgAABAgS2RaAqn5PkWbMAddXNvjbJm5J8cWt50aov7noECBAgQIAAAQIECOyXgEB1v5633hIgQIAAgY0QqMrXJnlKkovPsUHvTvKq1nKvc2yDWxMgQIAAAQIECBAgsGUCAtUte2CaS4AAAQIEtlGgavoK/jcluWiB9vev8r8lyX1ay+svnF+V2yX5tST3XPC6RzWl36uvz/rrreWBC7TVKQQIECBAgAABAgQI7LiAQHXHH7DuESBAgACB8xCoyo8keXiS91jg/j3U7MHpPVrLO+Y9vyqfnOSZSW674P2PC1qtzzrvw1BPgAABAgQIECBAYAcFBKo7+FB1iQABAgQInLVAVZ6d5PPn2EDqYBN7gPrq1nL3dba7Ko9L8pgkN12wnUc1z/qs63xork2AAAECBAgQIEBgAwUEqhv4UDSJAAECBAhsukBVfjfJRywYTPYA9U9ay4dsQj+r8vwknzhbz3VV70Z9fdZXJPmk1vLGTeinNhAgQIAAAQIECBAgsBqBVX1oWE1rXIUAAQIECBDYSIGqvDLJ3ZYIUJ/XWj5zIzt3RKOsz7otT0o7CRAgQIAAAQIECJy9gED17M3dkQABAgQIbLxAVS5LcocFA9T+Nfgfay1fufEdnbOB1medE0w5AQIECBAgQIAAgR0UEKju4EPVJQIECBAgMI9AVW6f5E+T3GaJAPU7WpvWKN3Lw/qse/nYdZoAAQIECBAgQGBPBQSqe/rgdZsAAQIE9legavrq/u8nudmCAeo1SR7XWp68v4pjPbc+65iTKgIECBAgQIAAAQLbJCBQ3aanpa0ECBAgQOCAQFXeleQ9D/yndyS5Y2vp/3+940DtIr/7r0ryZa3lWR7AagSq8vIkd09y0WqumL7R19VJXtxaPmVF13QZAgQIECBAgAABAgSOEFjkQxVIAgQIECBA4BwEqvLIJE9bcFbpaIt7MHdla7nx6AnqViNQlY9J8pwkt03yHqu56hS0vjPJk1vLk1Z0TZchQIAAAQIECBAgsNcCAtW9fvw6T4AAAQKbLlCVV8xmMq7rd3YP3PoM1Pu0lldvusc+tm/N67N+Tmv5rX101WcCBAgQIECAAAECiwqs68PZou1xHgECBAgQ2HuBqvQ1Slf1VfBFPHvI2o/Lk3xAa3njIhdZ5TlV+aok3zb7WvszWsujV3n9bbxWVV6Y5OOTXLzCWcvvTvKq1nKvbTTRZgIECBAgQIAAAQJnISBQPQtl9yBAgAABAicIVOUnkzx0haHYOr0vhK09ZO3rtV671ptVfjPJRx/zFfi+ZujrkjyvtTxqne3YpmuvYX3Wd7eWG2yTgbYSIECAAAECBAgQWKeAQHWduq5NgAABAgSOEajK25LcbA0hag88X9ta3v/wravy+0n+5SycXMc7QL93D1hf2lrut+jDr8pDkvxAklvPeY0+s/dvk/xykie0ljfMef7Ollfl/kl+dsn1Wfvs1du1ljfvLJSOESBAgAABAgQIEBgQWMeHqYHbKiFAgAABAvslMNtwqM+2XPXv3h5ivry13GdR0arcLclvJ7nN7BrraGO/dJ9R+p9ay3ce1daqvCDJJ52y3EEPbEc3bOoBYA9VfyXJE1vLaxY12tXzFlyftT+DvhTEa3fVRb8IECBAgAABAgQInCSw6g9MtAkQIECAAIGZQFV+J8m/WnGI2sOsF7aWB54FdFW+Nsl3zdbp7Lc8j3eHHhr/YWv58At9rsq3JPn8JHdNcqNBi273pmRaRuDxreXSwfP2rmy2PuvHJbnhCc+8P5cHtjYF4Q4CBAgQIECAAAECeyNwHh+K9gZXRwkQIEBgvwSqcoskf38gfFwFQA8Bf6a1fPEqLrbKa1Tl/ybTV/v7jNF1vVP0WaYvbm2auXrkUTVt4NXXUP2SZNpM6caD/eyBYP/6+ktmM1h/d/C8vSuryrtOcO2OX91anr53MDpMgAABAgQIECCwlwLr+vCzl5g6TYAAAQL7J1CV70nydSsMFHuA+l9bm665lUdVbpVMsz9vP+vAOt43eojXlxB4Wmv5xsNQVfmKZPrfByW56SBkv+Zbk/Rg9Ttby68Onrc3ZVX5xyS3PKHD39xa/vPegOgoAQIECBAgQIDAXgqs4wPOXkLqNAECBAjsj0DVNAu1rze6it+jfSOlx7WWJ++qYFX+W5KHrXjm7nFcPRTtxzuSPKi16ev9qcoX9lmUST40yc0Hn12/1tv7cgNJfrC1PHtXn9G8/arKZUnueMJ5P9baFGg7CBAgQIAAAQIECOycwCo+CO4cig4RIECAAIGDAlV5QDKtEzm6GdJJgFcl+bLW8qxdVq7KvZM8r29edEo//zLJp/f1TKvyP2brovav8K/jHeVC2No3U3rkbJmA+85mXI7e751J/iRJDwx7ULzXR1X+NDlxQ7RfaC2fvddIOk+AAAECBAgQILBzAqMfHnau4zpEgAABAgROEqjKi2frgy7zu7IHeD1A/ezW8sv7IF41bWDV1zM9aaOo/lX9nxqdwVg1zSjts0QvhLPLPJPjHkN/Vv26/XldPEege3mSlyd5Rmv53n14xkf1sSq/leSjT+j/b7eWj9lXH/0mQIAAAQIECBDYLYF1fCDZLSG9IUCAAIG9EajKFafsan6aRQ/l+uY9D2gtv3Na8a78eVXukuT5Se55ShDZvyb+Ba1Nm0Ct5KiaNsX6pSQ3m13wvN9t+hj6iyTP2se1RKtySZLPOuHh/llr07q2DgIECBAgQIAAAQJbK3DeHzq2Fk7DCRAgQGD7BaqmzXO+aY7ZiIc7fWETo/u2NoVoe3VU5TFJnpDkJid0vK8Re0lr+fyzxqnKdyf5mjlnnK66mX3G62uSPCfJE1tLn9G688ds3dyHn9DR17aW99t5CB0kQIAAAQIECBDYSQGB6k4+Vp0iQIAAgeMEqvI3Se60YIjaA9R/6F89b23a9Gjvjqq8d5JfmW3udNJ7xJuSPLS1aebqxh1VufTAjNqzfB/qyx30MfjcJN/WWt68cTgrbFBVHpvk20+45Ftby61WeEuXIkCAAAECBAgQILB2gbP8ALH2zrgBAQIECBA4LFCVz0um3dkX2VCqB6iXtZY777tsVf5dkqck03qmxx3vTvKiJA9uLX1m6tYds820fiO5LuRb97tSd/rbZFpj9wmt5Q1bhzbQ4Ko8IskPnvAPGZe3duJM54G7KCFAgAABAgQIECBwNgLr/pBwNr1wFwIECBAgMBOommZEfuoSM1D7V5HfH+g/CVSlh4t9M6GTAul/TPLVreVZu+xWlccnedxsCYHe1XW9R/Vg+mdmAWtfLmBnjqrpZ7P/jB5nd0VrufHOdFhHCBAgQIAAAQIEdlJgXR8EdhJLpwgQIEBg8wSq8urZ7u+L/E7rM1Bf0FoeuHk9O78WVeUhSX4gya1PaMW1SfrO7X1TqCOPqvRgsAex1dpCM4TPD2HOO1dNm5B9xCwoXGQsnnbHPlb7/17ZWu51WvE2/HlV+hg6yuqq1nKjbeiDNhIgQIAAAQIECOynwDpe+PdTUq8JECBA4EwEqtJ3ir/DgrMDeyD1e63lI8+ksVt2k6q8MMknJrnohKb3tWMf3Vp+6KiaE0KytLa2GZ3Xa0pVvm+2GdWRTUym5Qh+p7V8/LofUVUunn2l/71m91rHu1cf1z28fmpr+cZ192nV16+aguLrHWc1VlbdF9cjQIAAAQIECBDYD4F1vNTvh5xeEiBAgMCZCFRNm0D1mZKL/s7qYU3/OvrTz6TBW3aTqnxakp9Mps2mjju64R+2lg8/XFCV1yZ534Hns7ZZqrOZsH18LDpGjur34ZDvwgzRv24td13FY67KPZL8UXLdbMxVtr83sbf5bZuw6VNVfj6ZAuz+s3xSYD/RClRXMcJcgwABAgQIECBAYF0Cq35xX1c7XZcAAQIE9kSgKm9JcsslwrEeIvUNbm66J2QLdbMqP5fkM5Pc4IQLvGu2E/2TD9ZUpe9U30Ox4feIVQVkVXlnMq2xOXzvhYCWO+lgGHshiO3rzN63tfzlyKWrckmST58tmbCKvvZ2/HFr+dCR+y9SU5XvTfIFSW57YJ3ZRS51ZWt5z0VOdA4BAgQIECBAgACBsxBYxQv6WbTTPQgQIEBgRwWq8vZkCj+X+Z3Uw6JfaC2fs6NMK+lWVT42yc8mudMJF+yWr0jywNam2afTcdJX+Y+5Vr/O1cushVmV5yZ58Oz6y4yPlfidwUUOB7H9lpcneXZreXhVHpDkPyb5pJFZnqc84x9vLV8xb5+q8oVJnpTkzgdm1s57mZPqe1h/q9bSw3wHAQIECBAgQIAAgY0U2IcPJxsJr1EECBDYV4GqKSDqG84s+zvo2tZO/+rwvjof7HfV9JX+vtFUX8/zuOPKJE9rLY/uBVV50Sy4m+c5TWHsopsmreir+70Nf9faiaHxZDD7yn3fTOrmM5SDfZ2n39s8zLrXXVrL6w6NmZcm0+ZX/R87+sZiqzz6ZlRXJXlNkm9oLc9f5cVdiwABAgQIECBAgMC6Bfblw8K6HV2fAAECBI4QmO0W/xNJbrgCoB78vK613GUF17reJQ4EedfLlJJpF/K+Cda9t23GXFXuneQXk7zfKV5/neTTWsulVemhag9d53k/6M/ljq3l9fM8l6pcMRsX89zr8C2mzZhaOzEonqdZQ7VV09fR+1f3+1fbD6/dukx/hu6/RUU9NO3j4qday+O3qN2aSoAAAQIECBAgQOBEAS/9BggBAgQIrEygKo+ZfR34pHU557lfD8we21q+c56TTqtd0UzIC7c5ar3Mv0ty/9H1Mk9r7zx/XpXvSvKoU76O3b9W/czW8uUzi3lmIM4dYlZNGy998JxB7VHhab/3LVqb1lHd+KMq357ks2ebdt3k0Hqou/YO9u4kb5r9vP73jX84GkiAAAECBAgQIEBgCYFde5lfgsKpBAgQIDCvQFWemuRrVviV4B6YXbXKDWmqcs8klx4xk3De7q6y/qgQ9g1JvqK1/NK8N6qaZu32r033vp70u73Ptu1f/+/rcM7zDtDb+4bWcofT2laVhyf5kRV493u+pLV83Gn3XMWfV+Ubk/zrJHdN8j6zQPqooHket1U07cI1Do6Zw9c9rzYt0r/D/Zh+5pP8VvdvLdcsclHnECBAgAABAgQIEDhLgW16AT9LF/ciQIAAgSMEqqagrAdm88xoPM2yByq/0Vruf1rh6J+veAbq6G3XXXfchkV9NnBfk/a4owdU/dxeN8/v/X7O17eW7zupY1VTANbHwzzXPnzJfq8rWkufxXnqcSj8vE2SGx/Tv2XadGo7FJy5wFH/ENGXXviw1vKOM2+NGxIgQIAAAQIECOytgA8ae/vodZwAAQKnC1Tlf892WV9lgNpv3IORG7WW/tXzpY8lAtTejjptc6uqKSzsmxf1dUn7+pm7unnRiRt9VU0bF91xyfD0wvM//Ny9kyz9kzDXBfp6uc9pbdqsbDqq0tfTvfMKnu9cDTmD4qOC2Dcn+YTW8vIzuL9bECBAgAABAgQI7JiADy879kB1hwABAssIVOXPZjt7r/r3Qw803tpabr1M+2ahz936TvILfqW8t6NvNPUvWstrl23LSedX5XazTaE+cDaDcltC2MNfyV71WFgn+1lc+6iv3vf/1mfq9rVdeyjZl2140nEbmVVNyy48KJl+Hla13vCq+n6wf6PPvv+jxHX/6FKV303yIUkuOiKcHb3mqvqzzHWOmhX+riTf3Vq+dZkLO5cAAQIECBAgQGC7BbbppXa7pbWeAAECGyhQlb9KpvU31/H7oIcRT20t37BM16vyXkneuESAeua7wC/a36rcvC9/kKSHxhdmwq7j2SzaxG0776jwswfqVyR5e5K+eVhfbqJv4rXSoypPTPKwJLdPcsOVXnyzL9Z/3hYKiavyvCQPmC1hcXjcb9vPwYmzvTf7EWodAQIECBAgQIDAaQLb9nJ6Wn/8OQECBAicIFCV1yfTzMl1/f1/dWvLhUdVU5i4zAzUjQxQq/LTfa3HmX8PTnvo1GfwHT7W9Wy24WfjcADad47vGxb18LNv2vWy1vJvN6UjVXlgku/pM55noemql8bo4W+fEXlpa/moeftdld9O8uEHZsGe5di63qzVeds+T31VvijJDye52ey8TZsN3sf1X7SWe8zTL7UECBAgQIAAAQKbK3CWL9abq6BlBAgQ2FGBqrwlyS3XGKD2oOAPWstHLEpYNZ3b1yddJIzq9195gFqVH0+mdvXd3nv42WcYCj8XfcirO+/wV7D7GryXJfnmJL/a2jSTeWXHbJbpJ8/GQb/ubWfjYWX3mF2or2falwp4Qmt59qovftz1qqa/G/rX83sgfOHnb5XvhmcWqi5iVjWF1H2d6D4Lvvf7rIJYs1cXeWDOIUCAAAECBAhskMAqX5o3qFuaQoAAgf0VqJrWCF3n3+891LpVa3nbIspV+YQefi0RoF5zcBZsVZ6e5COT3OFA+HnUV47XabIIxSaf05/xG1ubvq5+3TGb8djXxuwB81mFT8s6HQ5h+89Hn/naZ73eePb18qPW+lz2vofP7+FvD3z/Z2v5+lVffF3Xq8q9Zj+vB2e2j/4sbXSguqhZVd47yUtmQfSyQWwfn69vbdrszUGAAAECBAgQILAlAqMvxFvSHc0kQIDA/gpUTV+TX8dXSvsH/ne2Ns3UnPuoymckuWTBAHXu++3ZCRfCwmV+n/dr9ODrqBm4S3NW5aWzDYou3qIQdtF+96C2zwp/cWv53EUvsm3nVeVTk/x8kpseeMY7GSXYFMAAACAASURBVKaOPpslNvgze3UUWR0BAgQIECBA4BwFlvkAdo7NdmsCBAgQOCiwhlmpPWR7dmt5yHHSVXnrbEboPv8uOW7H9z4bsc+AfGWSn2gtP9odq/KxfYZicm6z0abwtG941Vp6GzfyqMrLktwnyTaFsIdnwva1X/8mySNby69sJLRGnZlA1TQr+vBs1tPu38fUW1qbliRwECBAgAABAgQIbJDAPn8I3qDHoCkECBBYTKAq/yvJv1ns7H921jVJbnJS0FaVFye535qXFFhRd/7ZZU4KP9+R5FV9ll1recqqG1CVn0ymcLoHhGd59D6/srV84Fne9KR7VeX7Z2PoTrNAvpusZXbspvT5hHYcF8J+ZWv59S1ovyYuIFCV35ttFjbve7jZqwt4O4UAAQIECBAgsA6BeV/k1tEG1yRAgACBBQSq0gPQo4KoHtKM/P0+tPN01fTV5R7cjlxzgZ4cecpx4Wfvc1+7tc/8vGQd4efKOlC5d5LnJfmAVV3zlOusZYOukbZX5VuS6WvffXOjW8zWJe2bHJ3lmDnc1O7RZ+H2sPzvkrystXzphaKqvG+S5ybTGqHbPhP2NUke09o03hxbJrDE7NW3tzZtLOYgQIAAAQIECBA4Y4Hz/KBzxl11OwIECOyGQFW+NslTF+xND5ke3Vq++7TzZx/yL+z8fVr5cX/e79e/+v79rU07se/8UTXZPnIWKq6rv2td97Q3uiqPSqb1b++eTJvw3GgW4J/nu0Pvdw/VL0/ypiR/MptV/NPrgj583ar8cZJ7Jukbn23rxlx9OYK/SvLQ1qbZko4NEVjiWwBmr27IM9QMAgQIECBAYD8EzvND0X4I6yUBAgRWKFCVd/av5c9xyR5AXdnatJv50LHkeqxrD/qGOnHGRVW5S5Lnz4K2Vf9uvTBb99dbywOW6VpVHppMM44/KEnftb2Pi8PB4DK3WOTcaWZtkiuS/MNs6YXntpanLXKxTTynKpcmuesOhLB9JuxDWptCZccZCMy+iTDvbO/+M3VFa3P9rjiD3rgFAQIECBAgQGB3BFb9oW93ZPSEAAECGyZQNW0mNM/RN0P68nlOWCBM3csA9YJpVR6T5AlzhtynPZJFQvBnJPmwJHeY7bR++Cvsp91z1X/e+3Btkj4TsoekfXOmF7WWx6/6Rrt6vR0JYa9M8uokn9daXrGrz+qs+lWV/5PkQQsspdF/Fj/KbOSzelLuQ4AAAQIECOyDgEB1H56yPhIgsNUCVfmL2ey20X68sbW8z2jxwbqBQHWvA9QDQeofJPmQU4KNv0+mNTv7upbH/b491nNDN2/qM0n7uqR9GYfLkvxma9PyBo4NEKia1hZ+/yOWZtjk973DG3NdCGE/o7VpWQLHMQJLzF69prXcECwBAgQIECBAgMDiApv8gr14r5xJgACBHREYCDgP9nQla+jN7nnhunMtF7Aj7Md2oyrvmn1N/riaHji+oLVpFtl1x2x28RSeJnnJ7P8/MMmtN2Rd0h6S9uUk+uZNf9BavmTXn6X+/ZNAVV6V5P12IITtYfKDWpvG8N4dVXlskictMHu1/53U19J95t6h6TABAgQIECBAYAkBgeoSeE4lQIDAugSqckmSzxq8fv9A/MGt5c8G65UtIFCV1yW50zGnviXJv28tz6rKV/V1Jmfrqd7qiB3kF7j73Kcc3LzpjbPNm35OaDK3oxMOCVTlNkleugMhbF+Ooq9t+0WtTaHyTh1LzF59d2vpS4Y4CBAgQIAAAQIEThAQqBoeBAgQ2DCB2Qfhiwab9Yut5cGDtcqWEKjKa5Pc+YhL9PDyLH6fHty8qQe4fU3Kndq8aYnH49QNFqjKLZL8YZL33fKZsNck+fPZTNi/3WDy6zWtKt+aTOsXz/v3VP8752mt5eu2pa/aSYAAAQIECBA4K4F5X6zOql3uQ4AAgb0TqMojkvzQYMff2lr67EfHGQpUTSHmPVZ4S5s3rRDTpXZHYBbC/tEshD28y/0mv78eXhO2LwPS14L96Nby5k14QlXTOsj9H+3mcZz+Qcfs1U14gtpAgAABAgQIbILAPC9Sm9BebSBAgMBOClRN61feZKBz1Vp6uOA4R4Gq/OVs85/TWtFDiB5evHU2s+1nWssPnnaSPydAYH6Bqunv0D6D9A7J9PfkwffcTX7nvRDCXtHa0O+B+XGOOaMqD0vyE3OGq/1qvc1Pby1fvbLGuBABAgQIECBAYIsENvnlcosYNZUAAQKLCVRNX4H9m4Gz+4fXT24tvzZQq+SMBKry+tnGUgLTMzJ3GwKrFKjK3ZLp79Xbb2AIe13QmuQ2reWKVfb9qGstMXu1b4p4g3W3z/UJECBAgAABApsiIFDdlCehHQQI7J1AVV6epO/0ftrxktZyv9OK/DkBAgQIrF+gKh+b5NmzmbD9XfqsZ8JeCFrf1X+HtDZtmLfyoyr/IclTFpy9+rLWct+VN8oFCRAgQIAAAQIbIiBQ3ZAHoRkECOyXQFWuHfiQ2r/+eeP9ktFbAgQI7J5A1fSPZ7+a5Hazv/vXEcJeF7S2lputWrEqVyXTLNR5Pj9M60Sbvbrqp+F6BAgQIECAwHkLzPNCdN5tdX8CBAhsvUBVLknyWad0xDqpW/+kdYAAAQLzC1TlHQfW017Ve/qFoLWv1f3g1vL/5m/Z9c+oypcl+fE5w9V+kd6WV7eWuy/bBucTIECAAAECBM5TYFUvaufZB/cmQIDAVghU5ZrZzsontfexreU7tqJDGkmAAAECZyJQNW1sd/PZzVb5/t4Dzstby02X6UhVrkxy8ZwBa793/wfEi5a5t3MJECBAgAABAuchsMoXsvNov3sSIEBg4wWq8ogkP3RKQ/+8tdxr4zujgQQIECCwMQJVeVOS91pT0NpntH5pa/n5eTpclU9L8tzZJl9znZrkstZy53lOUkuAAAECBAgQOA8Bgep5qLsnAQJ7I1CVtx2YVXRUv69uLTfcGxAdJUCAAIG1C1TlstmmWf1eq3zf77NK+2ZYX99afnSkI1W5Ipl+z83TDrNXR3DVECBAgAABAucmMM+Lzbk10o0JECCwjQKnbDxlndRtfKjaTIAAgS0WqMqfJ9P6pf0zwCo/B/QAtH/t/wmt5SnHEVXlnkkuXXD26j+0lttuMb+mEyBAgAABAjsksMoXqR1i0RUCBAgsJ3BCmCpIXY7W2QQIECCwYoGqvCzJh64paL0qyX9pLd98uNkHNuGa9zPJtdZeXfEgcDkCBAgQIEBgLoF5X17murhiAgQI7KvAEYGqIHVfB4N+EyBAYEsFqvJrSe6/pqD16iQ/3Foe1Xmqcsskb15w9uqrW5tm3joIECBAgAABAmciIFA9E2Y3IUBgHwVmoWpay3vsY//1mQABAgR2U6Aqz0nymWsKWq9J8owkn5vkFnMuTdCXHuizV2+wm/J6RYAAAQIECGyKgEB1U56EdhAgQIAAAQIECBDYYoGq/EiSh68paO0y83526QHr91+YBbvFtJpOgAABAgQIbJjAvC8lG9Z8zSFAgAABAgQIECBAYJMFqvKAJC9YQ9A6T7d7uHpNa7nhPCepJUCAAAECBAgcJSBQNS4IECBAgAABAgQIEDhzgao8IskPnFPQem2Sh7WWZ555x92QAAECBAgQ2HoBgerWP0IdIECAAAECBAgQILA7AlV5UJLnnWHQ2mevvq213Gp3FPWEAAECBAgQWKeAQHWduq5NgAABAgQIECBAgMBKBKqmNVSvTq7b7HEtn2Vam3ut1pX0z0UIECBAgACB7RFYy0vI9nRfSwkQIECAAAECBAgQ2HaBqilovWjWj2U/41Rr14W2206j/QQIECBAgMAaBJZ92VhDk1ySAAECBAgQIECAAAECywtU5cokF88btJqlury9KxAgQIAAgV0WEKju8tPVNwIECBAgQIAAAQIE/plAVS5PcqMjglazU40XAgQIECBA4FQBgeqpRAoIECBAgAABAgQIECBAgAABAgQIECDwTwICVSOBAAECBAgQIECAAAECBAgQIECAAAECgwIC1UEoZQQIECBAgAABAgQIECBAgAABAgQIEBCoGgMECBAgQIAAAQIECBAgQIAAAQIECBAYFBCoDkIpI0CAAAECBAgQIECAAAECBAgQIECAgEDVGCBAgAABAgQIECBAgAABAgQIECBAgMCggEB1EEoZAQIECBAgQIAAAQIECBAgQIAAAQIEBKrGAAECBAgQIECAAAECBAgQIECAAAECBAYFBKqDUMoIECBAgAABAgQIECBAgAABAgQIECAgUDUGCBAgQIAAAQIECBAgQIAAAQIECBAgMCggUB2EUkaAAAECBAgQIECAAAECBAgQIECAAAGBqjFAgAABAgQIECBAgAABAgQIECBAgACBQQGB6iCUMgIECBAgQIAAAQIECBAgQIAAAQIECAhUjQECBAgQIECAAAECBAgQIECAAAECBAgMCghUB6GUESBAgAABAgQIECBAgAABAgQIECBAQKBqDBAgQIAAAQIECBAgQIAAAQIECBAgQGBQQKA6CKWMAAECBAgQIECAAAECBAgQIECAAAECAlVjgAABAgQIECBAgAABAgQIECBAgAABAoMCAtVBKGUECBAgQIAAAQIECBAgQIAAAQIECBAQqBoDBAgQIECAAAECBAgQIECAAAECBAgQGBQQqA5CKSNAgAABAgQIECBAgAABAgQIECBAgIBA1RggQIAAAQIECBAgQIAAAQIECBAgQIDAoIBAdRBKGQECBAgQIECAAAECBAgQIECAAAECBASqxgABAgQIECBAgAABAgQIECBAgAABAgQGBQSqg1DKCBAgQIAAAQIECBAgQIAAAQIECBAgIFA1BggQIECAAAECBAgQIECAAAECBAgQIDAoIFAdhFJGgAABAgQIECBAgAABAgQIECBAgAABgaoxQIAAAQIECBAgQIAAAQIECBAgQIAAgUEBgeoglDICBAgQIECAAAECBAgQIECAAAECBAgIVI0BAgQIECBAgAABAgQIECBAgAABAgQIDAoIVAehlBEgQIAAAQIECBAgQIAAAQIECBAgQECgagwQIECAAAECBAgQIECAAAECBAgQIEBgUECgOgiljAABAgQIECBAgAABAgQIECBAgAABAgJVY4AAAQIECBAgQIAAAQIECBAgQIAAAQKDAgLVQShlBAgQIECAAAECBAgQIECAAAECBAgQEKgaAwQIECBAgAABAgQIECBAgAABAgQIEBgUEKgOQikjQIAAAQIECBAgQIAAAQIECBAgQICAQNUYIECAAAECBAgQIECAAAECBAgQIECAwKCAQHUQShkBAgQIECBAgAABAgQIECBAgAABAgQEqsYAAQIECBAgQIAAAQIECBAgQIAAAQIEBgUEqoNQyggQIECAAAECBAgQIECAAAECBAgQICBQNQYIECBAgAABAgQIECBAgAABAgQIECAwKCBQHYRSRoAAAQIECBAgQIAAAQIECBAgQIAAAYGqMUCAAAECBAgQIECAAAECBAgQIECAAIFBAYHqIJQyAgQIECBAgAABAgQIECBAgAABAgQICFSNAQIECBAgQIAAAQIECBAgQIAAAQIECAwKCFQHoZQRIECAAAECBAgQIECAAAECBAgQIEBAoGoMECBAgAABAgQIECBAgAABAgQIECBAYFBAoDoIpYwAAQIECBAgQIAAAQIECBAgQIAAAQICVWOAAAECBAgQIECAAAECBAgQIECAAAECgwIC1UEoZQQIECBAgAABAgQIECBAgAABAgQIEBCoGgMECBAgQIAAAQIECBAgQIAAAQIECBAYFBCoDkIpI0CAAAECBAgQIECAAAECBAgQIECAgEDVGCBAgAABAgQIECBAgAABAgQIECBAgMCggEB1EEoZAQIECBAgQIAAAQIECBAgQIAAAQIEBKrGAAECBAgQIECAAAECBAgQIECAAAECBAYFBKqDUMoIECBAgAABAgQIECBAgAABAgQIECAgUDUGCBAgQIAAAQIECBAgQIAAAQIECBAgMCggUB2EUkaAAAECBAgQIECAAAECBAgQIECAAAGBqjFAgAABAgQIECBAgAABAgQIECBAgACBQQGB6iCUMgIECBAgQIAAAQIECBAgQIAAAQIECAhUjQECBAgQIECAAAECBAgQIECAAAECBAgMCghUB6GUESBAgAABAgQIECBAgAABAgQIECBAQKBqDBAgQIAAAQIECBAgQIAAAQIECBAgQGBQQKA6CKWMAAECBAgQIECAAAECBAgQIECAAAECAlVjgAABAgQIECBAgAABAgQIECBAgAABAoMCAtVBKGUECBAgQIAAAQIECBAgQIAAAQIECBAQqBoDBAgQIECAAAECBAgQIECAAAECBAgQGBQQqA5CKSNAgAABAgQIECBAgAABAgQIECBAgIBA1RggQIAAAQIECBAgQIAAAQIECBAgQIDAoIBAdRBKGQECBAgQIECAAAECBAgQIECAAAECBASqxgABAgQIECBAgAABAgQIECBAgAABAgQGBQSqg1DKCBAgQIAAAQIECBAgQIAAAQIECBAgIFA1BggQIECAAAECBAgQIECAAAECBAgQIDAoIFAdhFJGgAABAgQIECBAgAABAgQIECBAgAABgaoxQIAAAQIECBAgQIAAAQIECBAgQIAAgUEBgeoglDICBAgQIECAAAECBAgQIECAAAECBAgIVI0BAgQIECBAgAABAgQIECBAgAABAgQIDAoIVAehlBEgQIAAAQIECBAgQIAAAQIECBAgQECgagwQIECAAAECBAgQIECAAAECBAgQIEBgUECgOgiljAABAgQIECBAgAABAgQIECBAgAABAgJVY4AAAQIECBAgQIAAAQIECBAgQIAAAQKDAgLVQShlBAgQIECAAAECBAgQIECAAAECBAgQEKgaAwQIECBAgAABAgQIECBAgAABAgQIEBgUEKgOQikjQIAAAQIECBAgQIAAAQIECBAgQICAQNUYIECAAAECBAgQIECAAAECBAgQIECAwKCAQHUQShkBAgQIECBAgAABAgQIECBAgAABAgQEqsYAAQIECBAgQIAAAQIECBAgQIAAAQIEBgUEqoNQyggQIECAAAECBAgQIECAAAECBAgQICBQNQYIECBAgAABAgQIECBAgAABAgQIECAwKCBQHYRSRoAAAQIECBAgQIAAAQIECBAgQIAAAYGqMUCAAAECBAgQIECAAAECBAgQIECAAIFBAYHqIJQyAgQIECBAgAABAgQIECBAgAABAgQICFSNAQIECBAgQIAAAQIECBAgQIAAAQIECAwKCFQHoZQRIECAAAECBAgQIECAAAECBAgQIEBAoGoMECBAgAABAgQIECBAgAABAgQIECBAYFBAoDoIpYwAAQIECBAgQIAAAQIECBAgQIAAAQICVWOAAAECBAgQIECAAAECBAgQIECAAAECgwIC1UEoZQQIECBAgAABAgQIECBAgAABAgQIEBCoGgMECBAgQIAAAQIECBAgQIAAAQIECBAYFBCoDkIpI0CAAAECBAgQIECAAAECBAgQIECAgEDVGCBAgAABAgQIECBAgAABAgQIECBAgMCggEB1EEoZAQIECBAgQIAAAQIECBAgQIAAAQIEBKrGAAECBAgQIECAAAECBAgQIECAAAECBAYFBKqDUMoIECBAgAABAgQIECBAgAABAgQIECAgUDUGCBAgQIAAAQIECBAgQIAAAQIECBAgMCggUB2EUkaAAAECBAgQIECAAAECBAgQIECAAAGBqjFAgAABAgQIECBAgAABAgQIECBAgACBQQGB6iCUMgIECBAgQIAAAQIECBAgQIAAAQIECAhUjQECBAgQIECAAAECBAgQIECAAAECBAgMCghUB6GUESBAgAABAgQIECBAgAABAgQIECBAQKBqDBAgQIAAAQIECBAgQIAAAQIECBAgQGBQQKA6CKWMAAECBAgQIECAAAECBAgQIECAAAECAlVjgAABAgQIECBAgAABAgQIECBAgAABAoMCAtVBKGUECBAgQIAAAQIECBAgQIAAAQIECBAQqBoDBAgQIECAAAECBAgQIECAAAECBAgQGBQQqA5CKSNAgAABAgQIECBAgAABAgQIECBAgIBA1RggQIAAAQIECBAgQIAAAQIECBAgQIDAoIBAdRBKGQECBAgQIECAAAECBAgQIECAAAECBASqxgABAgQIECBAgAABAgQIECBAgAABAgQGBQSqg1DKCBAgQIAAAQIECBAgQIAAAQIECBAgIFA1BggQIECAAAECBAgQIECAAAECBAgQIDAoIFAdhFJGgAABAgQIECBAgAABAgQIECBAgAABgaoxQIAAAQIECBAgQIAAAQIECBAgQIAAgUEBgeoglDICBAgQIECAAAECBAgQIECAAAECBAgIVI0BAgQIECBAgAABAgQIECBAgAABAgQIDAoIVAehlBEgQIAAAQIECBAgQIAAAQIECBAgQECgagwQIECAAAECBAgQIECAAAECBAgQIEBgUECgOgiljAABAgQIECBAgAABAgQIECBAgAABAgJVY4AAAQIECBAgQIAAAQIECBAgQIAAAQKDAgLVQShlBAgQIECAAAECBAgQIECAAAECBAgQEKgaAwQIECBAgAABAgQIECBAgAABAgQIEBgUEKgOQikjQIAAAQIECBAgQIAAAQIECBAgQICAQNUYIECAAAECBAgQIECAAAECBAgQIECAwKCAQHUQShkBAgQIECBAgAABAgQIECBAgAABAgQEqsYAAQIECBAgQIAAAQIECBAgQIAAAQIEBgUEqoNQyggQIECAAAECBAgQIECAAAECBAgQICBQNQYIECBAgAABAgQIECBAgAABAgQIECAwKCBQHYRSRoAAAQIECBAgQIAAAQIECBAgQIAAAYGqMUCAAAECBAgQIECAAAECBAgQIECAAIFBAYHqIJQyAgQIECBAgAABAgQIECBAgAABAgQICFSNAQIECBAgQIAAAQIECBAgQIAAAQIECAwKCFQHoZQRIECAAAECBAgQIECAAAECBAgQIEBAoGoMECBAgAABAgQIECBAgAABAgQIECBAYFBAoDoIpYwAAQIECBAgQIAAAQIECBAgQIAAAQICVWOAAAECBAgQIECAAAECBAgQIECAAAECgwIC1UEoZQQIECBAgAABAgQIECBAgAABAgQIEBCoGgMECBAgQIAAAQIECBAgQIAAAQIECBAYFBCoDkIpI0CAAAECBAgQIECAAAECBAgQIECAgEDVGCBAgAABAgQIECBAgAABAgQIECBAgMCggEB1EEoZAQIECBAgQIAAAQIECBAgQIAAAQIEBKrGAAECBAgQIECAAAECBAgQIECAAAECBAYFBKqDUMoIECBAgAABAgQIECBAgAABAgQIECAgUDUGCBAgQIAAAQIECBAgQIAAAQIECBAgMCggUB2EUkaAAAECBAgQIECAAAECBAgQIECAAAGBqjFAgAABAgQIECBAgAABAgQIECBAgACBQQGB6iCUMgIECBAgQIAAAQIECBAgQIAAAQIECAhUjQECBAgQIECAAAECBAgQIECAAAECBAgMCghUB6GUESBAgAABAgQIECBAgAABAgQIECBAQKBqDBAgQIAAAQIECBAgQIAAAQIECBAgQGBQQKA6CKWMAAECBAgQIECAAAECBAgQIECAAAECAlVjgAABAgQIECBAgAABAgQIECBAgAABAoMCAtVBKGUECBAgQIAAAQIECBAgQIAAAQIECBAQqBoDBAgQIECAAAECBAgQIECAAAECBAgQGBQQqA5CKSNAgAABAgQIECBAgAABAgQIECBAgIBA1RggQIAAAQIECBAgQIAAAQIECBAgQIDAoIBAdRBKGQECBAgQIECAAAECBAgQIECAAAECBASqxgABAgQIECBAgAABAgQIECBAgAABAgQGBQSqg1DKCBAgQIAAAQIECBAgQIAAAQIECBAgIFA1BggQIECAAAECBAgQIECAAAECBAgQIDAoIFAdhFJGgAABAgQIECBAgAABAgQIECBAgAABgaoxQIAAAQIECBAgQIAAAQIECBAgQIAAgUEBgeoglDICBAgQIECAAAECBAgQIECAAAECBAgIVI0BAgQIECBAgAABAgQIECBAgAABAgQIDAoIVAehlBEgQIAAAQIECBAgQIAAAQIECBAgQECgagwQIECAAAECBAgQIECAAAECBAgQIEBgUECgOgiljAABAgQIECBAgAABAgQIECBAgAABAgJVY4AAAQIECBAgQIAAAQIECBAgQIAAAQKDAgLVQShlBAgQIECAAAECBAgQIECAAAECBAgQEKgaAwQIECBAgAABAgQIECBAgAABAgQIEBgUEKgOQikjQIAAAQIECBAgQIAAAQIECBAgQICAQNUYIECAAAECBAgQIECAAAECBAgQIECAwKCAQHUQShkBAgQIECBAgAABAgQIECBAgAABAgQEqsYAAQIECBAgQIAAAQIECBAgQIAAAQIEBgUEqoNQyggQIECAAAECBAgQIECAAAECBAgQICBQNQYIECBAgAABAgQIECBAgAABAgQIECAwKCBQHYRSRoAAAQIECBAgQIAAAQIECBAgQIAAAYGqMUCAAAECBAgQIECAAAECBAgQIECAAIFBAYHqIJQyAgQIECBAgAABAgQIECBAgAABAgQICFSNAQIECBAgQIAAAQIECBAgQIAAAQIECAwKCFQHoZQRIECAAAECBAgQIECAAAECBAgQIEBAoGoMECBAgAABAgQIECBAgAABAgQIECBAYFBAoDoIpYwAAQIECBAgQIAAAQIECBAgQIAAAQICVWOAAAECBAgQIECAAAECBAgQIECAAAECgwIC1UEoZQQIECBAgAABAgQIECBAgAABAgQIEBCoGgMECBAgQIAAAQIECBAgQIAAAQIECBAYFBCoDkIpI0CAKxZzfQAAAY5JREFUAAECBAgQIECAAAECBAgQIECAgEDVGCBAgAABAgQIECBAgAABAgQIECBAgMCggEB1EEoZAQIECBAgQIAAAQIECBAgQIAAAQIEBKrGAAECBAgQIECAAAECBAgQIECAAAECBAYFBKqDUMoIECBAgAABAgQIECBAgAABAgQIECAgUDUGCBAgQIAAAQIECBAgQIAAAQIECBAgMCggUB2EUkaAAAECBAgQIECAAAECBAgQIECAAAGBqjFAgAABAgQIECBAgAABAgQIECBAgACBQQGB6iCUMgIECBAgQIAAAQIECBAgQIAAAQIECAhUjQECBAgQIECAAAECBAgQIECAAAECBAgMCghUB6GUESBAgAABAgQIECBAgAABAgQIECBAQKBqDBAgQIAAAQIECBAgQIAAAQIECBAgQGBQQKA6CKWMAAECBAgQIECAAAECBAgQIECAAAECAlVjgAABAgQIECBAgAABAgQIECBAgAABAoMCAtVBKGUECBAgQIAAAQIECBAgQIAAAQIECBD4/07MNemd3JjoAAAAAElFTkSuQmCC'),(1,24,' here is the diagram',4.5,1,'data:image/png;base64,iVBORw0KGgoAAAANSUhEUgAABUgAAAGOCAYAAABFfOkYAAATYUlEQVR4nO3dX6jk51kH8IcgUtiioY3LUqm4ktZSKGhai5iLXtSLXuSirAsFQbTrRVJ6YSqWUAk1N5Il0Jir7EWvi4SCCl70qqjU3pUqhcWEhqTrGoLZtBvRNJvdnfP1YmayZ8+eOWfeM/Obd/58PvBC2DPkPO/7+83AfM/zzFQBAAAAAAAAAAAAAAAAAAAAAAAAAAAAAAAAAAAAAAAAAAAAAAAAAAAAAAAAAAAAAAAAAAAAAAAAAAAAAAAAAAAAAAAAAAAAAAAAAAAAAAAAAAAAAAAAAAAAAAAAAAAAAAAAAAAAAAAAAAAAAAAAAAAAAAAAAAAAAAAAAAAAAAAAAAAAAAAAAAAAAAAAAAAAAAAAAAAAAAAAAAAAAAAAAAAAAAAAAAAAAAAAAAAAAAAAAAAAAAAAAAAAAAAAAAAAAAAAAAAAAAAAAAAAAAAAAAAAAAAAAAAAAAAAAAAAAAAAAAAAAAAAAAAAAAAAAAAAAAAAAAAAAAAAAAAAAAAAAAAAAAAAAAAAAAAAAAAAAAAAAAAAAAAAAAAAAAAAAAAAAAAAAAAAAAAAAAAAAAAAAAAAAAAAAAAAAAAAAAAAAAAAAAAAAAAAAAAAAAAAAAAAAAAAAAAAAAAAAAAAAAAAAAAAAAAAAAAAAAAAAAAAAAAAAAAAAAAAAAAAAAAAAAAAAAAAAAAAAAAAAAAAAAAAAAAAAAAAAAAAAAAAAAAAAAAAAAAAAAAAAAAAAAAAAAAAAAAAAAAAAAAAAAAAAAAAAAAAAAAAAAAAAAAAAAAAAAAAAAAAAAAAAAAAAAAAAAAAAAAAAAAAAAAAAAAAAAAAAAAAAAAAAAAAAAAAAAAAAAAAAAAAAMBKJPXfSWXf2kvqRu+6AAAAAAAGkdSfHQhF51l7B/57L6nne+8FAAAAAOBYSZ3ZF2y2hqOLhKhXkjrTe/8AAAAAwA5K6vqAgeiyQlUj/QAAAADAciT1REM4OZrx/zgz6f48+PghO1CN9AMAAAAA7RpG6Kc//9KSfu/zx4Sbqw5RjfQDAAAAwK5I2wj9a51q/FxSNzqFqIeO9Cf1uR5nAQAAAAAsKKnnGsLAQ0fo102M9AMAAAAAsyT1iTkDw+nPz/WueQgx0g8AAAAAuyOpUUOA90rvetdBjPQDAAAAwOaa0SW50SP06yZG+gEAAABgfST16TkDuunPdSSuwIyw2kg/AAAAACxD2kbof9y7Xu4VI/0AAAAAML+kftwQeBmh3wIx0g8AAADALpt0Gc7TWTgNrz7du2ZWL0b6AQAAANgmaRuh19HHsWKkHwAAAIB1ltQrDQGTEXqWLkb6AQAAAFilpM7N2ck3DYs+0btmiJF+AAAAABaR8Qj9vIHSc73rhVYx0g8AAADAfkm91hDoXO9dLwwtRvoBAAAAtltSX5qzc24azhgThgNipB8AAABgcyT1/rSN0D/Ru2bYdDHSDwAAANBXUn/YEKD8tHe9sIuSujqje7tXN+o3e58JAAAAwFLMEYzs9a4ROF5S3zwm3Fx1iHq195kAAAAAHOsEIcjB9UJSF3rvA5hP1mykv/d5AAAAALSGpIt2lx0XvH43qa/3PpNekvqXA+udyXo7qesLrGsZf0nPq5P1H0l9L6l/Survk3o6qb9K6o+Tur/3OdBXjPQDAAAAuyipt1YUgAwduu4PXN9I6rmkHlzRGc4KOKer97nNsz6/irNisyX1fOPzcugQ9UpSZ3qfCwAAALAlcics3R829g7uVhW47P+3UTYv4Fx0CUhZmqzHSP8bvc8BAAAA2HJJPZhxp+YbcwSRuxC4Lmstc8T+1dw9Yv/Pk/UPST01WX/S+15ityR1JuPuz8NeJ4Z4Tl3pvWcAAACAmXJnNP1fJ0HeaA1CykXW7dzdgfq9/av3ecOmyDAj/Zd77wsAAADYMtmOz+Bc1dpL6oXe1wy2Se4e6Z8nQJ0+5mLv2gEAAIA1lNQ3JoHDrQ0NOA8GtM0dnEl9a0agsooA9VtDX2PYdpPXr3mfc0nqQu+aAQAAgI6S+k7Go+G9w82lBJxDE6DC5sj8H9sx/RzUz/auGQAAABhYUueS+q+Bgr21DziHJkCF9ZPU6cz/ZVDTx328d90AAADAkuTO6Py84cC7uxpwDk2ACn0l9VBjWDpK6nTvugEAAIBGaRud30vqtaTO9a571wlQYXWSeqQhLE1So941AwAAADOkfXT+dlLf6V03bQSoMIykHmt8Tt3sXTMAAADsvLSPzt9I6hu962Y4AlRYXFIXG58/b/SuGQAAAHZGjM6zAAEqtEnqxcZ7/UrvmgEAAGCrxOg8K5TUC6sOUHvvGeaV1NXG+/tS75oBAABgI8XoPGtqqA7U3vuCVkm92dA9naSe7F0zAAAArLUYnWcLnLQDtXfdsIjG1+4kdaF3zQAAANBdjM6zgw4JUIWjbJWkRg1h6V7vegEAAGCljM4D7IakTk9D0HnD0qTO9q4bAAAAls7oPCxHUt9P6u2Oa97n8XHrRlLP9D5PViephxrD0lFSp3rXDQAAACcSo/OD6ByMvb2kYGyRNfi3yVtd1yipa72fZwwvqUcan9Oj3jUDAADAsdI2Op/GN8etj7Usa/PX9Dmv23SLJfX4get93LrZu2YAAAB4T9pG5y3L2vy1t6S1aB26TbdQUs823gev964ZAACAHZP20Xlru9aywrFFQrWf91y9n4PbJqlrGYedi76m6DbdMkm92HgPvNy7ZgAAALZUTjY6P0SwdrtzOPb93tcCdkFSzyT17oHgc9Gl23SDJXW18Xpf6l0zAAAAGy7LGZ3fS+pmUn/Zez/A5otuU6oqqZ81Xucne9cMAADABsjyRuf3kvpJ7/0Au0G36W5r+EPe9N4437tmAAAA1kiWNzqfpL7bez8AUwe6TZfxGqfbdI0ldSrzdxdP74mHe9cNAABABzE6D+ww3abbL6nTDcH49HFne9cNAADAQGJ0HuBISf1At+l2Surhxus6SupU77oBAABYUIzOAyxsgG7TG733tMuSOt94PUe9awYAAKBBjM4DDG6gbtMf9N7Xrknq8cawVLgNAACwbmJ0HmBtLLHb9L3gtPeedkVSzzZeo9d71wwAALDTknp7CW/Ajc4DDEy36eZJ6uXGa/Ny75oBAAB2SlLvLBiK/mPvPQDsOt2mmyGp1xuvx7O9awYAANh6k06k1jfPL/WuG4CjTbpN39Vtup4m59ly/o/3rhkAAGArzRmQ7iX1Tu9aAVicbtP10/DHyumZn+9dMwAAwNbI+BvmZ70Ju927PgCGp9t0PSR1Knc+Y3aes95L6uHedQMAAGy0pB5N6n/3vdG6ndRXetcFQH+6TftJ6mxDYD193OnedQMAAADAVhug23Sk2/RoST3ceN6jpE71rhsAAAAAdoZu09VI6nzjOfu4HAAAAADoQbfpsJJ6sjEs/VnvmgEAAABg5+k2Xb6kLjWe3dXeNQMAAAAAE0k9o9t0OZJ6ufHMXuxdMwAAAABwiKSu6TY9uaRebzynZ3vXDAAAAAAcQbfpySR1s/FcHu9dMwAAAAAwpyG6TZN6pve+hjAJhVvO4pHeNQMAAAAAjZbYbTpdo6Su9d7XsiR1arKnec5meoYP9a4bAAAAAFiAbtN7JXW2IUiePu5077oBAAAAgCXQbXpHUp9tPIdRUqd61w0AAADAhkvqQ0n934zPiLyd1K3JujlZLyX1saQe6F37thqg2/Ry7z21SOpC4/5v964ZAAAAgDWW1EcmIefB4GzoddTvuZV7w9eHkvq1pO7rfWbrJne6TRe9fi/13kuLpJ5s3PObvWsGAAAAoIOkfrdTCNprzdrfrK7X30zqg72v07Jl3G0675ceHTy//+ldf4ukLjXu8WrvmgEAAABYoqS+PQkAhwpB9w6s3iHoOgWvyeFdr59M6sO974390t5tujfZy8Z8pmdSVxqv64u9awYAAADgGEndl9QrGT4ETcZdh/+Z1C8uUO8vJPXhpH57X3B4e986LHQVvt67ZnW9fjSpDyzhvrp0zO8/WOPeMn7vqiT1RuP5X+xdMwAAAMDOSup9Sf0kd4egQwVxo6RezQIhaC9JfTDjsfiXcm/4Oh0pF7weH3we1vXaEpYmqUu974d57dvfvHt7rHfNAAAAAFsps78ZflmB2N6BoOeowGtWmDhK6kZSTyf1aFKf6X1uq5DxF0F9Mrpem0PY3teuRcPzb3p9H+ldMwAAAMDGyHi0fH8IOvTngc4ThHYLzk6wl1HGgeTfJPXlpH4/qff3vq6LSOoDGY/Fb3XXa+9zbpXU6Yaznj7ut3rXDQAAANBdUh/Pbn0z/Katk4az04D235L6alKfT+qB3vfbUTIO5Nei67X3WSwiqV9vOJvp4+7vXTcAAADAYJL62whBrWHWUeHsT5N6Kqk/SupTHe//B5L6WObret3ocPSgpH41bUHyqHfNAAAAACeS1N9l2G+GX2XQNv23m0l9YaDz+tQkuHtqEuQdd16zgsBNO+dNWrPOdnrubw11f2yjpP70mHM9uG71rhkAAADgLkm9ks0LQVcafG6KpM4n9URS/z7HdTwqnN2Ee6DHPXfY+V3vfd3XRVIXZ5zVrHW1d80AAADADkjql5O6krtD0HVdhwV07yZ1rvc5MltSv5Lxl0V9OeMvjxrl6JBsF8LZWYHqj5L6aO9rNrSkLjee11/3rhkAAADYYEmdybDfDD9E8LnzHZ8sR1KfSerRpJ5O6sYx9/+6hrIzA9Xe57uojP9A03IGv9S7ZgAAAGANJfUbGX8RzDqFoIJPtlJSFyb38nH3+7oFqj/sfXZHSerNlteW3vUCAAAAK5bU72Q9Pg/UqDs0yLiDdZ0D1Vl1PZ3U/Z3O7HbD2bzTo0YAAABgALl3BHiV4YmOT+gsqfuS+ouMO8IPe372DlCPet34elL3Lfk87m/c++Vl/n4AAABgyZI6eyAEXUXgoeMTtlRS70vqa3M859dlTeu6ldSfN+71i3O+bk5//sWhzh0AAAA4wgpD0FnB5x/0PgNgfSV1cY0D1Vmfn3ozqcf27eFy4+vkgz3PHAAAALZSUj8fMAQ16g6shaR+uEGB6nFr1Ps8AQAAYCOtIATdS+rbvfcJsKikfrTGgep7q/c5AQAAwMZYcgj6e733A7BOcu+4/MoC1d57BwAAgI1wghD0I71rBthWSV1fVqDaey8AAACwMfa9CU/Gnz36od41AXC0pL6Q1FvCUQAAAAAAAAAAAAAAAAAAAAAAAAAAAAAAAAAAAAAAAAAAAAAAAAAAAAAAAAAAAAAAAAAAAAAAAAAAAAAAAAAAAAAAAAAAAAAAAAAAAAAAAAAAAAAAAAAAAAAAAAAAAAAAAAAAAAAAAAAAAAAAAAAAAAAAAAAAAAAAAAAAAAAAAAAAAAAAAAAAAAAAAAAAAAAAAAAAAAAAAAAAAAAAAAAAAAAAAAAAAAAAAAAAAAAAAAAAAAAAAAAAAAAAAAAAAAAAAAAAAAAAAAAAAAAAAAAAAAAAAAAAAAAAAAAAAAAAAAAAAAAAAAAAAAAAAAAAAAAAAAAAAAAAAAAAAAAAAAAAAAAAAAAAAAAAAAAAAAAAAAAAAAAAAAAAAAAAAAAAAAAAAAAAAAAAAAAAAAAAAAAAAAAAAAAAAAAAAAAAAAAAAAAAAAAAAAAAAAAAAAAAAAAAAAAAAAAAAAAAAAAAAAAAAAAAAAAAAAAAAAAAAAAAAAAAAAAAAAAAAAAAAAAAAAAAAAAAAAAAAAAAAAAAAAAAAAAAAAAAAAAAAAAAAAAAAAAAAAAAAAAAAAAAAAAAAAAAAAAAAAAAAAAAAAAAAAAAAAAAAAAAAAAAAAAAAAAAAAAAAAAAAAAAAAAAAAAAAAAAAAAAAAAAAAAAAAAAAAAAAAAAAAAAAAAAAAAAAAAAAAAAAAAAAAAAAAAAAAAAAAAAAAAAAAAAAAAAAAAAAAAAAAAAAAAAAAAAAAAAAAAAAAAAAAAAAAAAAAAAAAAAAAAAAAAAAAAAAAAAAAAAAAAAAAAAAAAAAAAAAAAAAAAAAAAAAAAAAAAAAAAAAAAAAAAAAAAAAAAAAAAAAAAAAAAAAAAAAAAAAAAAAAAAAAAAAAAAAAAAAAAAAAAAAAAAAAAAAAAAAAAAAAAAAAAAAAAAAAAAAAAAAAAAAAAAAAAAAAAAAAAAAAAAAAAAAAAAAAAAAAAAAAAAAAAAAAAAAAAAAAAAAAAAAAAAAAAAAAAAAAAAAAAAAAAAAAAAAAAAAAAAAAAAAAAAAAAAAAAAAAAAAAAAAAAAAAAAAAAAAAAAAAAAAAAAAAAAAAAAAAAAAAAAAAAAAAAAAAAAAAAAAAAAAAAAAAAAAAAAAAAAAAAAAAAAAAAAAAAAAAAAAAAAAAAAAAAAAAAAAAAAAAAAAAAAAAAAAAAAAAAAAAAAAAAAAAAAAAAAAAAAAAAAAAAAAAAAAAAAAAAAAAAAAAAAAAAAAAAAAAAAAAAAAAAAAAAAAAAAAAAAAAAAAAAAAAAAAAAAAAAAAAAAAAAAAAAAAAAAAAAAAAAAAAAAAAAAAAAAAAAAAAAAAAAAAAAAAAAAAAAAAAAAAAAAAAAAAAAAAAAAAAAAAAAAAAAAAAAAAAAAAAAAAAAAAAAAAAAAAAAAAADgxP4ft3oPVf2Bw10AAAAASUVORK5CYII=');
/*!40000 ALTER TABLE `desc_resp` ENABLE KEYS */;
UNLOCK TABLES;
/*!50003 SET @saved_cs_client      = @@character_set_client */ ;
/*!50003 SET @saved_cs_results     = @@character_set_results */ ;
/*!50003 SET @saved_col_connection = @@collation_connection */ ;
/*!50003 SET character_set_client  = utf8mb4 */ ;
/*!50003 SET character_set_results = utf8mb4 */ ;
/*!50003 SET collation_connection  = utf8mb4_general_ci */ ;
/*!50003 SET @saved_sql_mode       = @@sql_mode */ ;
/*!50003 SET sql_mode              = 'IGNORE_SPACE,STRICT_TRANS_TABLES,NO_AUTO_CREATE_USER,NO_ENGINE_SUBSTITUTION' */ ;
DELIMITER ;;
/*!50003 CREATE*/ /*!50017 DEFINER=`root`@`localhost`*/ /*!50003 trigger insEvalCheck
    before UPDATE
    on desc_resp
    for each row
BEGIN
	 
	DECLARE inseval INT;
	DECLARE totQues INT;
	DECLARE tid INT;
	DECLARE newmarks double;
	DECLARE maxMarks double;
	 
	select t_id,marks into tid,maxMarks from descriptive where q_id = NEW.q_id;
	if (maxMarks < New.Marks_Awarded)
	THEN
	SIGNAL SQLSTATE '45000' SET MESSAGE_TEXT = 'Marks Awarded Can not be more than maximum marks';
	ELSE
   select sum(ins_eval = 1) into inseval from desc_resp natural join descriptive where s_id = NEW.s_id and t_id = tid;
   select count(*) into totQues from descriptive where t_id = tid;
    
	select Marks_Obtained into newmarks from result where s_id = NEW.s_id and t_id = tid;
	
	SET newmarks = (newmarks-OLD.Marks_Awarded + NEW.Marks_Awarded);
	
   if (inseval = totQues)
   THEN
	update result set all_ins_eval = 1,Marks_Obtained = newmarks where s_id = NEW.s_id and t_id = tid;
	else
	update result set all_ins_eval = 0,Marks_Obtained = newmarks where s_id = NEW.s_id and t_id = tid;
	end if;
	END IF; 
END */;;
DELIMITER ;
/*!50003 SET sql_mode              = @saved_sql_mode */ ;
/*!50003 SET character_set_client  = @saved_cs_client */ ;
/*!50003 SET character_set_results = @saved_cs_results */ ;
/*!50003 SET collation_connection  = @saved_col_connection */ ;

--
-- Table structure for table `descriptive`
--

DROP TABLE IF EXISTS `descriptive`;
/*!40101 SET @saved_cs_client     = @@character_set_client */;
/*!40101 SET character_set_client = utf8 */;
CREATE TABLE `descriptive` (
  `Q_ID` int(11) NOT NULL AUTO_INCREMENT,
  `Question` text COLLATE utf8_unicode_ci NOT NULL,
  `T_ID` int(11) NOT NULL,
  `Marks` double NOT NULL DEFAULT '0',
  PRIMARY KEY (`Q_ID`),
  KEY `FK_descriptive_test` (`T_ID`),
  CONSTRAINT `FK_descriptive_test` FOREIGN KEY (`T_ID`) REFERENCES `test` (`T_ID`) ON DELETE CASCADE ON UPDATE CASCADE
) ENGINE=InnoDB AUTO_INCREMENT=25 DEFAULT CHARSET=utf8 COLLATE=utf8_unicode_ci ROW_FORMAT=COMPACT;
/*!40101 SET character_set_client = @saved_cs_client */;

--
-- Dumping data for table `descriptive`
--

LOCK TABLES `descriptive` WRITE;
/*!40000 ALTER TABLE `descriptive` DISABLE KEYS */;
INSERT INTO `descriptive` (`Q_ID`, `Question`, `T_ID`, `Marks`) VALUES (13,'Descriptive Question',34,5),(19,'Describe predictive analysis',44,3),(21,'Explain Cortex M3 architecture',61,3),(22,'Ques 1',63,10),(23,'Ques 2',63,20),(24,'Draw a small diagram',64,5);
/*!40000 ALTER TABLE `descriptive` ENABLE KEYS */;
UNLOCK TABLES;

--
-- Table structure for table `fillintheblank`
--

DROP TABLE IF EXISTS `fillintheblank`;
/*!40101 SET @saved_cs_client     = @@character_set_client */;
/*!40101 SET character_set_client = utf8 */;
CREATE TABLE `fillintheblank` (
  `Q_ID` int(11) NOT NULL AUTO_INCREMENT,
  `Question` text COLLATE utf8_unicode_ci NOT NULL,
  `T_ID` int(11) NOT NULL,
  `Marks` double NOT NULL DEFAULT '0',
  PRIMARY KEY (`Q_ID`),
  KEY `FK_fillintheblank_test` (`T_ID`),
  CONSTRAINT `FK_fillintheblank_test` FOREIGN KEY (`T_ID`) REFERENCES `test` (`T_ID`) ON DELETE CASCADE ON UPDATE CASCADE
) ENGINE=InnoDB AUTO_INCREMENT=32 DEFAULT CHARSET=utf8 COLLATE=utf8_unicode_ci ROW_FORMAT=COMPACT;
/*!40101 SET character_set_client = @saved_cs_client */;

--
-- Dumping data for table `fillintheblank`
--

LOCK TABLES `fillintheblank` WRITE;
/*!40000 ALTER TABLE `fillintheblank` DISABLE KEYS */;
INSERT INTO `fillintheblank` (`Q_ID`, `Question`, `T_ID`, `Marks`) VALUES (7,'Fill in the Blank Question',34,3),(16,'R is tool for ',44,1),(18,'fh',46,2),(24,'mn',53,90),(25,'ghff',54,0.5),(27,'ques1',59,1),(29,'Who is the manufacturer of LPC1768?',61,1.5),(31,'Windows owner?',64,3);
/*!40000 ALTER TABLE `fillintheblank` ENABLE KEYS */;
UNLOCK TABLES;

--
-- Table structure for table `fitb_resp`
--

DROP TABLE IF EXISTS `fitb_resp`;
/*!40101 SET @saved_cs_client     = @@character_set_client */;
/*!40101 SET character_set_client = utf8 */;
CREATE TABLE `fitb_resp` (
  `S_ID` int(11) NOT NULL,
  `Q_ID` int(11) NOT NULL,
  `Response` text COLLATE utf8_unicode_ci NOT NULL,
  `Marks_Awarded` double NOT NULL DEFAULT '0',
  `INS_EVAL` tinyint(1) DEFAULT '0',
  PRIMARY KEY (`S_ID`,`Q_ID`),
  KEY `FK_fitb_resp_student` (`S_ID`),
  KEY `FK_fitb_resp_fillintheblank` (`Q_ID`),
  CONSTRAINT `FK_fitb_resp_fillintheblank` FOREIGN KEY (`Q_ID`) REFERENCES `fillintheblank` (`Q_ID`) ON DELETE CASCADE ON UPDATE CASCADE,
  CONSTRAINT `FK_fitb_resp_student` FOREIGN KEY (`S_ID`) REFERENCES `student` (`S_ID`) ON DELETE CASCADE ON UPDATE CASCADE
) ENGINE=InnoDB DEFAULT CHARSET=utf8 COLLATE=utf8_unicode_ci;
/*!40101 SET character_set_client = @saved_cs_client */;

--
-- Dumping data for table `fitb_resp`
--

LOCK TABLES `fitb_resp` WRITE;
/*!40000 ALTER TABLE `fitb_resp` DISABLE KEYS */;
INSERT INTO `fitb_resp` (`S_ID`, `Q_ID`, `Response`, `Marks_Awarded`, `INS_EVAL`) VALUES (1,7,' <a href = \'ans\'></a>',0,0),(1,27,' answer1',0,0),(1,31,' gates',1,1);
/*!40000 ALTER TABLE `fitb_resp` ENABLE KEYS */;
UNLOCK TABLES;
/*!50003 SET @saved_cs_client      = @@character_set_client */ ;
/*!50003 SET @saved_cs_results     = @@character_set_results */ ;
/*!50003 SET @saved_col_connection = @@collation_connection */ ;
/*!50003 SET character_set_client  = utf8mb4 */ ;
/*!50003 SET character_set_results = utf8mb4 */ ;
/*!50003 SET collation_connection  = utf8mb4_general_ci */ ;
/*!50003 SET @saved_sql_mode       = @@sql_mode */ ;
/*!50003 SET sql_mode              = 'IGNORE_SPACE,STRICT_TRANS_TABLES,NO_AUTO_CREATE_USER,NO_ENGINE_SUBSTITUTION' */ ;
DELIMITER ;;
/*!50003 CREATE*/ /*!50017 DEFINER=`root`@`localhost`*/ /*!50003 trigger fitbEval
    before UPDATE
    on fitb_resp
    for each row
BEGIN

     DECLARE tid INT;
	DECLARE newmarks DOUBLE;
	DECLARE maxMarks DOUBLE;

    select Marks,T_ID into  maxMarks,tid from fillintheblank where q_id = NEW.q_id;
    select Marks_Obtained into newmarks from result where s_id = NEW.s_id and t_id = tid;
    if (maxMarks < New.Marks_Awarded)
	THEN
	SIGNAL SQLSTATE '45000' SET MESSAGE_TEXT = 'Marks Awarded Can not be more than maximum marks';
	ELSE

	SET newmarks = newmarks+ NEW.Marks_Awarded - OLD.Marks_Awarded;


	update result set Marks_Obtained = newmarks where s_id = NEW.s_id and t_id = tid;
    END IF;
	 
END */;;
DELIMITER ;
/*!50003 SET sql_mode              = @saved_sql_mode */ ;
/*!50003 SET character_set_client  = @saved_cs_client */ ;
/*!50003 SET character_set_results = @saved_cs_results */ ;
/*!50003 SET collation_connection  = @saved_col_connection */ ;

--
-- Table structure for table `instructor`
--

DROP TABLE IF EXISTS `instructor`;
/*!40101 SET @saved_cs_client     = @@character_set_client */;
/*!40101 SET character_set_client = utf8 */;
CREATE TABLE `instructor` (
  `I_ID` int(11) NOT NULL AUTO_INCREMENT,
  `NAME` text COLLATE utf8_unicode_ci NOT NULL,
  `EMAIL` varchar(100) COLLATE utf8_unicode_ci NOT NULL,
  `PASSWORD` text COLLATE utf8_unicode_ci NOT NULL,
  `SEC_Q` text COLLATE utf8_unicode_ci NOT NULL,
  `SEC_A` text COLLATE utf8_unicode_ci NOT NULL,
  `EMP_ID` int(11) NOT NULL,
  `DEPT_ID` int(11) NOT NULL,
  PRIMARY KEY (`I_ID`),
  UNIQUE KEY `EMAIL` (`EMAIL`),
  KEY `EMP_ID` (`EMP_ID`),
  KEY `FK_instructor_department` (`DEPT_ID`),
  CONSTRAINT `FK_instructor_department` FOREIGN KEY (`DEPT_ID`) REFERENCES `department` (`Dept_ID`) ON DELETE CASCADE ON UPDATE CASCADE
) ENGINE=InnoDB AUTO_INCREMENT=13 DEFAULT CHARSET=utf8 COLLATE=utf8_unicode_ci;
/*!40101 SET character_set_client = @saved_cs_client */;

--
-- Dumping data for table `instructor`
--

LOCK TABLES `instructor` WRITE;
/*!40000 ALTER TABLE `instructor` DISABLE KEYS */;
INSERT INTO `instructor` (`I_ID`, `NAME`, `EMAIL`, `PASSWORD`, `SEC_Q`, `SEC_A`, `EMP_ID`, `DEPT_ID`) VALUES (1,'b1os1','b1os1','aA!123','abcd','abcd',0,1),(2,'Akshay KC','akshay.kc','@!g67TT','Marks?','No',9088,1),(3,'b1os2','b1os2','aA!123','Hello','Bye',9088,1),(4,'common','common','aA!123','abcd','abcd',8787,1),(7,'b2es1','b2es1','aA!123','abcd','abcd',87870,1),(8,'b2es2','b2es2','aA!123','abcd','abcd',677,1),(9,'jy','jy','aA!123','abcd','abcd',342,1),(10,'rh','rh','aA!123','abcd','abcd',7687,1),(11,'ab','ab','aA!123','abcd','abcd',23423,1),(12,'Helloq','a','aA!123','GTTT','QWWW',12,1);
/*!40000 ALTER TABLE `instructor` ENABLE KEYS */;
UNLOCK TABLES;

--
-- Table structure for table `lab`
--

DROP TABLE IF EXISTS `lab`;
/*!40101 SET @saved_cs_client     = @@character_set_client */;
/*!40101 SET character_set_client = utf8 */;
CREATE TABLE `lab` (
  `Lab_ID` int(11) NOT NULL AUTO_INCREMENT,
  `Name` varchar(100) COLLATE utf8_unicode_ci NOT NULL,
  `Batch_ID` int(11) NOT NULL,
  `Sub_ID` int(11) NOT NULL,
  PRIMARY KEY (`Lab_ID`),
  UNIQUE KEY `Batch_ID` (`Batch_ID`,`Sub_ID`),
  KEY `FK_lab_subject` (`Sub_ID`),
  CONSTRAINT `FK_lab_batch` FOREIGN KEY (`Batch_ID`) REFERENCES `batch` (`Batch_ID`) ON DELETE CASCADE ON UPDATE CASCADE,
  CONSTRAINT `FK_lab_subject` FOREIGN KEY (`Sub_ID`) REFERENCES `subject` (`SUB_ID`) ON DELETE CASCADE ON UPDATE CASCADE
) ENGINE=InnoDB AUTO_INCREMENT=4 DEFAULT CHARSET=utf8 COLLATE=utf8_unicode_ci;
/*!40101 SET character_set_client = @saved_cs_client */;

--
-- Dumping data for table `lab`
--

LOCK TABLES `lab` WRITE;
/*!40000 ALTER TABLE `lab` DISABLE KEYS */;
INSERT INTO `lab` (`Lab_ID`, `Name`, `Batch_ID`, `Sub_ID`) VALUES (1,'OS-V-2021-IT-B1',2,1),(2,'ESD-V-2021-IT-B2',1,2),(3,'ITT-V-2021-IT-B2',1,3);
/*!40000 ALTER TABLE `lab` ENABLE KEYS */;
UNLOCK TABLES;

--
-- Table structure for table `lab_ins`
--

DROP TABLE IF EXISTS `lab_ins`;
/*!40101 SET @saved_cs_client     = @@character_set_client */;
/*!40101 SET character_set_client = utf8 */;
CREATE TABLE `lab_ins` (
  `Lab_ID` int(11) NOT NULL,
  `I_ID` int(11) NOT NULL,
  PRIMARY KEY (`Lab_ID`,`I_ID`),
  KEY `FK_lab_ins_instructor` (`I_ID`),
  CONSTRAINT `FK_lab_ins_instructor` FOREIGN KEY (`I_ID`) REFERENCES `instructor` (`I_ID`) ON DELETE CASCADE ON UPDATE CASCADE,
  CONSTRAINT `FK_lab_ins_lab` FOREIGN KEY (`Lab_ID`) REFERENCES `lab` (`Lab_ID`) ON DELETE CASCADE ON UPDATE CASCADE
) ENGINE=InnoDB DEFAULT CHARSET=utf8 COLLATE=utf8_unicode_ci;
/*!40101 SET character_set_client = @saved_cs_client */;

--
-- Dumping data for table `lab_ins`
--

LOCK TABLES `lab_ins` WRITE;
/*!40000 ALTER TABLE `lab_ins` DISABLE KEYS */;
INSERT INTO `lab_ins` (`Lab_ID`, `I_ID`) VALUES (1,1),(1,3),(1,4),(2,4),(2,7),(2,8),(3,3),(3,10),(3,11);
/*!40000 ALTER TABLE `lab_ins` ENABLE KEYS */;
UNLOCK TABLES;

--
-- Table structure for table `lab_stu`
--

DROP TABLE IF EXISTS `lab_stu`;
/*!40101 SET @saved_cs_client     = @@character_set_client */;
/*!40101 SET character_set_client = utf8 */;
CREATE TABLE `lab_stu` (
  `lab_id` int(11) DEFAULT NULL,
  `lab_name` varchar(100) DEFAULT NULL,
  `s_id` int(11) DEFAULT NULL,
  `s_name` varchar(100) DEFAULT NULL,
  `status` int(11) DEFAULT '0'
) ENGINE=InnoDB DEFAULT CHARSET=utf8mb4;
/*!40101 SET character_set_client = @saved_cs_client */;

--
-- Dumping data for table `lab_stu`
--

LOCK TABLES `lab_stu` WRITE;
/*!40000 ALTER TABLE `lab_stu` DISABLE KEYS */;
INSERT INTO `lab_stu` (`lab_id`, `lab_name`, `s_id`, `s_name`, `status`) VALUES (1,'OS-V-2021-IT-B1',1,'b1st1',0),(1,'OS-V-2021-IT-B1',2,'b1st2',0),(1,'OS-V-2021-IT-B1',3,'b1st3',0),(1,'OS-V-2021-IT-B1',4,'b1st4',0),(1,'OS-V-2021-IT-B1',5,'b1st5',0),(1,'OS-V-2021-IT-B1',6,'b1st6',0),(1,'OS-V-2021-IT-B1',7,'b1st7',0),(1,'OS-V-2021-IT-B1',8,'b1st8',0),(1,'OS-V-2021-IT-B1',9,'b1st9',0),(1,'OS-V-2021-IT-B1',10,'b1st10',0),(2,'ESD-V-2021-IT-B2',11,'b2st1',0),(2,'ESD-V-2021-IT-B2',12,'b2st2',0),(2,'ESD-V-2021-IT-B2',13,'b2st3',0),(2,'ESD-V-2021-IT-B2',14,'b2st4',0),(2,'ESD-V-2021-IT-B2',15,'b2st5',0),(2,'ESD-V-2021-IT-B2',16,'b2st6',0),(2,'ESD-V-2021-IT-B2',17,'b2st7',0),(2,'ESD-V-2021-IT-B2',18,'b2st8',0),(2,'ESD-V-2021-IT-B2',19,'b2st9',0),(2,'ESD-V-2021-IT-B2',20,'b2st10',0),(3,'ITT-V-2021-IT-B2',11,'b2st1',0),(3,'ITT-V-2021-IT-B2',12,'b2st2',0),(3,'ITT-V-2021-IT-B2',13,'b2st3',0),(3,'ITT-V-2021-IT-B2',14,'b2st4',0),(3,'ITT-V-2021-IT-B2',15,'b2st5',0),(3,'ITT-V-2021-IT-B2',16,'b2st6',0),(3,'ITT-V-2021-IT-B2',17,'b2st7',0),(3,'ITT-V-2021-IT-B2',18,'b2st8',0),(3,'ITT-V-2021-IT-B2',19,'b2st9',0),(3,'ITT-V-2021-IT-B2',20,'b2st10',0);
/*!40000 ALTER TABLE `lab_stu` ENABLE KEYS */;
UNLOCK TABLES;

--
-- Table structure for table `mcq`
--

DROP TABLE IF EXISTS `mcq`;
/*!40101 SET @saved_cs_client     = @@character_set_client */;
/*!40101 SET character_set_client = utf8 */;
CREATE TABLE `mcq` (
  `Q_ID` int(11) NOT NULL AUTO_INCREMENT,
  `Question` text COLLATE utf8_unicode_ci NOT NULL,
  `OP1` text COLLATE utf8_unicode_ci NOT NULL,
  `OP2` text COLLATE utf8_unicode_ci NOT NULL,
  `OP3` text COLLATE utf8_unicode_ci NOT NULL,
  `OP4` text COLLATE utf8_unicode_ci NOT NULL,
  `CORRECT_OP` int(1) NOT NULL,
  `T_ID` int(11) NOT NULL,
  `Marks` double DEFAULT '0',
  PRIMARY KEY (`Q_ID`),
  KEY `FK_mcq_test` (`T_ID`),
  CONSTRAINT `FK_mcq_test` FOREIGN KEY (`T_ID`) REFERENCES `test` (`T_ID`) ON DELETE CASCADE ON UPDATE CASCADE
) ENGINE=InnoDB AUTO_INCREMENT=21 DEFAULT CHARSET=utf8 COLLATE=utf8_unicode_ci ROW_FORMAT=COMPACT;
/*!40101 SET character_set_client = @saved_cs_client */;

--
-- Dumping data for table `mcq`
--

LOCK TABLES `mcq` WRITE;
/*!40000 ALTER TABLE `mcq` DISABLE KEYS */;
INSERT INTO `mcq` (`Q_ID`, `Question`, `OP1`, `OP2`, `OP3`, `OP4`, `CORRECT_OP`, `T_ID`, `Marks`) VALUES (11,'MCQ Question','Option 1','Option 2','Option 3','Option 4',2,34,2),(17,'Shiny is a package for ','a','b','c','d',1,44,1),(19,'Which of the following modules is not present on LPC1768?','ADC','DAC','PWM','Camera',4,61,0.5),(20,'Coronavirus Origin?','Wuhan','Italy','Japan','Iran',1,64,4);
/*!40000 ALTER TABLE `mcq` ENABLE KEYS */;
UNLOCK TABLES;

--
-- Table structure for table `mcq_resp`
--

DROP TABLE IF EXISTS `mcq_resp`;
/*!40101 SET @saved_cs_client     = @@character_set_client */;
/*!40101 SET character_set_client = utf8 */;
CREATE TABLE `mcq_resp` (
  `S_ID` int(11) NOT NULL,
  `Q_ID` int(11) NOT NULL,
  `Response` int(11) NOT NULL,
  `Marks_Awarded` double NOT NULL DEFAULT '0',
  PRIMARY KEY (`S_ID`,`Q_ID`),
  KEY `FK_mcq_resp_student` (`S_ID`),
  KEY `FK_mcq_resp_mcq` (`Q_ID`),
  CONSTRAINT `FK_mcq_resp_mcq` FOREIGN KEY (`Q_ID`) REFERENCES `mcq` (`Q_ID`) ON DELETE CASCADE ON UPDATE CASCADE,
  CONSTRAINT `FK_mcq_resp_student` FOREIGN KEY (`S_ID`) REFERENCES `student` (`S_ID`) ON DELETE CASCADE ON UPDATE CASCADE
) ENGINE=InnoDB DEFAULT CHARSET=utf8 COLLATE=utf8_unicode_ci;
/*!40101 SET character_set_client = @saved_cs_client */;

--
-- Dumping data for table `mcq_resp`
--

LOCK TABLES `mcq_resp` WRITE;
/*!40000 ALTER TABLE `mcq_resp` DISABLE KEYS */;
INSERT INTO `mcq_resp` (`S_ID`, `Q_ID`, `Response`, `Marks_Awarded`) VALUES (1,11,2,2),(1,20,1,4);
/*!40000 ALTER TABLE `mcq_resp` ENABLE KEYS */;
UNLOCK TABLES;
/*!50003 SET @saved_cs_client      = @@character_set_client */ ;
/*!50003 SET @saved_cs_results     = @@character_set_results */ ;
/*!50003 SET @saved_col_connection = @@collation_connection */ ;
/*!50003 SET character_set_client  = utf8mb4 */ ;
/*!50003 SET character_set_results = utf8mb4 */ ;
/*!50003 SET collation_connection  = utf8mb4_general_ci */ ;
/*!50003 SET @saved_sql_mode       = @@sql_mode */ ;
/*!50003 SET sql_mode              = 'IGNORE_SPACE,STRICT_TRANS_TABLES,NO_AUTO_CREATE_USER,NO_ENGINE_SUBSTITUTION' */ ;
DELIMITER ;;
/*!50003 CREATE*/ /*!50017 DEFINER=`root`@`localhost`*/ /*!50003 trigger mcqMarksAward
    before INSERT
    on mcq_resp
    for each row
BEGIN

    DECLARE tid INT;
	DECLARE newmarks DOUBLE;
	DECLARE CorrectAns INT;
	DECLARE maxMarks DOUBLE;

    select Correct_Op,Marks,T_ID into CorrectAns,maxMarks,tid from mcq where q_id = NEW.q_id;
    select Marks_Obtained into newmarks from result where s_id = NEW.s_id and t_id = tid;

	if (New.Response = CorrectAns)
	THEN
	SET NEW.Marks_Awarded = maxMarks;
	SET newmarks = newmarks+maxMarks;
	else
	SET NEW.Marks_Awarded = 0;
	end if;

	update result set Marks_Obtained = newmarks where s_id = NEW.s_id and t_id = tid;


END */;;
DELIMITER ;
/*!50003 SET sql_mode              = @saved_sql_mode */ ;
/*!50003 SET character_set_client  = @saved_cs_client */ ;
/*!50003 SET character_set_results = @saved_cs_results */ ;
/*!50003 SET collation_connection  = @saved_col_connection */ ;
/*!50003 SET @saved_cs_client      = @@character_set_client */ ;
/*!50003 SET @saved_cs_results     = @@character_set_results */ ;
/*!50003 SET @saved_col_connection = @@collation_connection */ ;
/*!50003 SET character_set_client  = utf8mb4 */ ;
/*!50003 SET character_set_results = utf8mb4 */ ;
/*!50003 SET collation_connection  = utf8mb4_general_ci */ ;
/*!50003 SET @saved_sql_mode       = @@sql_mode */ ;
/*!50003 SET sql_mode              = 'STRICT_TRANS_TABLES,NO_AUTO_CREATE_USER,NO_ENGINE_SUBSTITUTION' */ ;
DELIMITER ;;
/*!50003 CREATE*/ /*!50017 DEFINER=`root`@`localhost`*/ /*!50003 trigger mcqUpdateMarksAward
    before update
    on mcq_resp
    for each row
BEGIN

    DECLARE tid INT;
	DECLARE newmarks DOUBLE;
	DECLARE CorrectAns INT;
	DECLARE maxMarks DOUBLE;

    select Correct_Op,Marks,T_ID into CorrectAns,maxMarks,tid from mcq where q_id = NEW.q_id;
    select Marks_Obtained into newmarks from result where s_id = NEW.s_id and t_id = tid;
    
    
	if (New.Response = CorrectAns)
	THEN
	SET NEW.Marks_Awarded = maxMarks;
	SET newmarks = newmarks+maxMarks;
	else
	SET NEW.Marks_Awarded = 0;
	end if;
	update result set Marks_Obtained = newmarks where s_id = NEW.s_id and t_id = tid;

    BEGIN 
    if (Old.Response = CorrectAns AND New.Response = CorrectAns)
	THEN
	SET newmarks = newmarks - maxMarks;
	end if;
END;
   

	update result set Marks_Obtained = newmarks where s_id = NEW.s_id and t_id = tid;


END */;;
DELIMITER ;
/*!50003 SET sql_mode              = @saved_sql_mode */ ;
/*!50003 SET character_set_client  = @saved_cs_client */ ;
/*!50003 SET character_set_results = @saved_cs_results */ ;
/*!50003 SET collation_connection  = @saved_col_connection */ ;

--
-- Table structure for table `result`
--

DROP TABLE IF EXISTS `result`;
/*!40101 SET @saved_cs_client     = @@character_set_client */;
/*!40101 SET character_set_client = utf8 */;
CREATE TABLE `result` (
  `S_ID` int(11) NOT NULL,
  `T_ID` int(11) NOT NULL,
  `Marks_Obtained` double NOT NULL,
  `All_Ins_Eval` tinyint(1) NOT NULL DEFAULT '0',
  `Attempt_Time` datetime NOT NULL DEFAULT CURRENT_TIMESTAMP,
  PRIMARY KEY (`S_ID`,`T_ID`),
  KEY `FK_result_student` (`S_ID`),
  KEY `FK_result_test` (`T_ID`),
  CONSTRAINT `FK_result_student` FOREIGN KEY (`S_ID`) REFERENCES `student` (`S_ID`) ON DELETE CASCADE ON UPDATE CASCADE,
  CONSTRAINT `FK_result_test` FOREIGN KEY (`T_ID`) REFERENCES `test` (`T_ID`) ON DELETE CASCADE ON UPDATE CASCADE
) ENGINE=InnoDB DEFAULT CHARSET=utf8 COLLATE=utf8_unicode_ci;
/*!40101 SET character_set_client = @saved_cs_client */;

--
-- Dumping data for table `result`
--

LOCK TABLES `result` WRITE;
/*!40000 ALTER TABLE `result` DISABLE KEYS */;
INSERT INTO `result` (`S_ID`, `T_ID`, `Marks_Obtained`, `All_Ins_Eval`, `Attempt_Time`) VALUES (1,34,8,0,'2020-03-11 21:39:13'),(1,59,0,0,'2020-03-02 11:20:21'),(1,64,9.5,0,'2020-03-16 19:15:25');
/*!40000 ALTER TABLE `result` ENABLE KEYS */;
UNLOCK TABLES;

--
-- Table structure for table `stu_batch`
--

DROP TABLE IF EXISTS `stu_batch`;
/*!40101 SET @saved_cs_client     = @@character_set_client */;
/*!40101 SET character_set_client = utf8 */;
CREATE TABLE `stu_batch` (
  `S_ID` int(11) NOT NULL DEFAULT '0',
  `Batch_ID` int(11) NOT NULL,
  `Roll_No` int(11) NOT NULL,
  PRIMARY KEY (`S_ID`,`Batch_ID`),
  UNIQUE KEY `Batch_ID` (`Batch_ID`,`Roll_No`),
  CONSTRAINT `FK_stu_batch_batch` FOREIGN KEY (`Batch_ID`) REFERENCES `batch` (`Batch_ID`) ON DELETE CASCADE ON UPDATE CASCADE,
  CONSTRAINT `FK_stu_batch_student` FOREIGN KEY (`S_ID`) REFERENCES `student` (`S_ID`) ON DELETE CASCADE ON UPDATE CASCADE
) ENGINE=InnoDB DEFAULT CHARSET=utf8 COLLATE=utf8_unicode_ci;
/*!40101 SET character_set_client = @saved_cs_client */;

--
-- Dumping data for table `stu_batch`
--

LOCK TABLES `stu_batch` WRITE;
/*!40000 ALTER TABLE `stu_batch` DISABLE KEYS */;
INSERT INTO `stu_batch` (`S_ID`, `Batch_ID`, `Roll_No`) VALUES (11,1,1),(12,1,2),(13,1,3),(14,1,4),(15,1,5),(16,1,6),(17,1,7),(18,1,8),(19,1,9),(20,1,10),(1,2,1),(2,2,2),(3,2,3),(4,2,4),(5,2,5),(6,2,6),(7,2,7),(8,2,8),(9,2,9),(10,2,10);
/*!40000 ALTER TABLE `stu_batch` ENABLE KEYS */;
UNLOCK TABLES;

--
-- Table structure for table `student`
--

DROP TABLE IF EXISTS `student`;
/*!40101 SET @saved_cs_client     = @@character_set_client */;
/*!40101 SET character_set_client = utf8 */;
CREATE TABLE `student` (
  `S_ID` int(11) NOT NULL AUTO_INCREMENT,
  `NAME` text COLLATE utf8_unicode_ci NOT NULL,
  `EMAIL` varchar(100) COLLATE utf8_unicode_ci NOT NULL,
  `PASSWORD` text COLLATE utf8_unicode_ci NOT NULL,
  `SEC_Q` text COLLATE utf8_unicode_ci NOT NULL,
  `SEC_A` text COLLATE utf8_unicode_ci NOT NULL,
  `Reg_No` int(11) NOT NULL,
  PRIMARY KEY (`S_ID`),
  UNIQUE KEY `EMAIL` (`EMAIL`),
  UNIQUE KEY `Reg_No` (`Reg_No`)
) ENGINE=InnoDB AUTO_INCREMENT=21 DEFAULT CHARSET=utf8 COLLATE=utf8_unicode_ci;
/*!40101 SET character_set_client = @saved_cs_client */;

--
-- Dumping data for table `student`
--

LOCK TABLES `student` WRITE;
/*!40000 ALTER TABLE `student` DISABLE KEYS */;
INSERT INTO `student` (`S_ID`, `NAME`, `EMAIL`, `PASSWORD`, `SEC_Q`, `SEC_A`, `Reg_No`) VALUES (1,'b1st1','b1st1','aA!123','bh','bh',170911001),(2,'b1st2','b1st2','aA!123','hhhhh','hhhh',170911002),(3,'b1st3','b1st3','aA!123','hhhhh','hhhh',170911003),(4,'b1st4','b1st4','aA!123','hhhhh','hhhh',170911004),(5,'b1st5','b1st5','aA!123','hhhhh','hhhh',170911005),(6,'b1st6','b1st6','aA!123','hhhhh','hhhh',170911006),(7,'b1st7','b1st7','aA!123','hhhhh','hhhh',170911007),(8,'b1st8','b1st8','aA!123','hhhhh','hhhh',170911008),(9,'b1st9','b1st9','aA!123','hhhhh','hhhh',170911009),(10,'b1st10','b1st10','aA!123','hhhhh','hhhh',170911010),(11,'b2st1','b2st1','aA!123','hhhhh','hhhh',170911011),(12,'b2st2','b2st2','aA!123','hhhhh','hhhh',170911012),(13,'b2st3','b2st3','aA!123','hhhhh','hhhh',170911013),(14,'b2st4','b2st4','aA!123','hhhhh','hhhh',170911014),(15,'b2st5','b2st5','aA!123','hhhhh','hhhh',170911015),(16,'b2st6','b2st6','aA!123','hhhhh','hhhh',170911016),(17,'b2st7','b2st7','aA!123','hhhhh','hhhh',170911017),(18,'b2st8','b2st8','aA!123','hhhhh','hhhh',170911018),(19,'b2st9','b2st9','aA!123','hhhhh','hhhh',170911019),(20,'b2st10','b2st10','aA!123','hhhhh','hhhh',170911020);
/*!40000 ALTER TABLE `student` ENABLE KEYS */;
UNLOCK TABLES;

--
-- Table structure for table `subject`
--

DROP TABLE IF EXISTS `subject`;
/*!40101 SET @saved_cs_client     = @@character_set_client */;
/*!40101 SET character_set_client = utf8 */;
CREATE TABLE `subject` (
  `SUB_ID` int(11) NOT NULL AUTO_INCREMENT,
  `NAME` text COLLATE utf8_unicode_ci NOT NULL,
  PRIMARY KEY (`SUB_ID`)
) ENGINE=InnoDB AUTO_INCREMENT=4 DEFAULT CHARSET=utf8 COLLATE=utf8_unicode_ci;
/*!40101 SET character_set_client = @saved_cs_client */;

--
-- Dumping data for table `subject`
--

LOCK TABLES `subject` WRITE;
/*!40000 ALTER TABLE `subject` DISABLE KEYS */;
INSERT INTO `subject` (`SUB_ID`, `NAME`) VALUES (1,'Operating Systems'),(2,'Embedded Systems'),(3,'Internet Tools and Technology');
/*!40000 ALTER TABLE `subject` ENABLE KEYS */;
UNLOCK TABLES;

--
-- Table structure for table `test`
--

DROP TABLE IF EXISTS `test`;
/*!40101 SET @saved_cs_client     = @@character_set_client */;
/*!40101 SET character_set_client = utf8 */;
CREATE TABLE `test` (
  `T_ID` int(11) NOT NULL AUTO_INCREMENT,
  `Name` text COLLATE utf8_unicode_ci NOT NULL,
  `Duration` int(11) NOT NULL,
  `Date_Creation` datetime NOT NULL DEFAULT CURRENT_TIMESTAMP,
  `Live` tinyint(1) NOT NULL DEFAULT '0',
  PRIMARY KEY (`T_ID`)
) ENGINE=InnoDB AUTO_INCREMENT=65 DEFAULT CHARSET=utf8 COLLATE=utf8_unicode_ci;
/*!40101 SET character_set_client = @saved_cs_client */;

--
-- Dumping data for table `test`
--

LOCK TABLES `test` WRITE;
/*!40000 ALTER TABLE `test` DISABLE KEYS */;
INSERT INTO `test` (`T_ID`, `Name`, `Duration`, `Date_Creation`, `Live`) VALUES (34,'Demo Test',720,'2019-07-29 22:51:23',1),(44,'Eval on R',900,'2019-09-28 15:52:11',1),(46,'bm',600,'2019-10-05 11:44:47',0),(53,'hj',5340,'2019-10-05 11:57:14',1),(54,'testing',600,'2019-10-05 12:26:48',0),(59,'test2',720,'2019-10-29 11:55:28',1),(61,'ES Assessment 1',600,'2019-11-08 12:41:54',0),(63,'Diagram test/12-02-2020',600,'2020-02-20 23:10:04',1),(64,'Final Test Demo/19-03-2020',60,'2020-03-16 19:05:19',1);
/*!40000 ALTER TABLE `test` ENABLE KEYS */;
UNLOCK TABLES;

--
-- Table structure for table `test_ins`
--

DROP TABLE IF EXISTS `test_ins`;
/*!40101 SET @saved_cs_client     = @@character_set_client */;
/*!40101 SET character_set_client = utf8 */;
CREATE TABLE `test_ins` (
  `T_ID` int(11) NOT NULL,
  `I_ID` int(11) NOT NULL,
  PRIMARY KEY (`T_ID`,`I_ID`),
  KEY `FK_test_ins_instructor` (`I_ID`),
  CONSTRAINT `FK_test_ins_instructor` FOREIGN KEY (`I_ID`) REFERENCES `instructor` (`I_ID`) ON DELETE CASCADE ON UPDATE CASCADE,
  CONSTRAINT `FK_test_ins_test` FOREIGN KEY (`T_ID`) REFERENCES `test` (`T_ID`) ON DELETE CASCADE ON UPDATE CASCADE
) ENGINE=InnoDB DEFAULT CHARSET=utf8 COLLATE=utf8_unicode_ci;
/*!40101 SET character_set_client = @saved_cs_client */;

--
-- Dumping data for table `test_ins`
--

LOCK TABLES `test_ins` WRITE;
/*!40000 ALTER TABLE `test_ins` DISABLE KEYS */;
INSERT INTO `test_ins` (`T_ID`, `I_ID`) VALUES (34,4),(44,3),(46,3),(53,3),(54,3),(59,1),(61,7),(63,1),(64,1);
/*!40000 ALTER TABLE `test_ins` ENABLE KEYS */;
UNLOCK TABLES;

--
-- Table structure for table `test_lab`
--

DROP TABLE IF EXISTS `test_lab`;
/*!40101 SET @saved_cs_client     = @@character_set_client */;
/*!40101 SET character_set_client = utf8 */;
CREATE TABLE `test_lab` (
  `T_ID` int(11) NOT NULL,
  `Lab_ID` int(11) NOT NULL,
  PRIMARY KEY (`T_ID`,`Lab_ID`),
  KEY `FK_test_lab_lab` (`Lab_ID`),
  CONSTRAINT `FK_test_lab_lab` FOREIGN KEY (`Lab_ID`) REFERENCES `lab` (`Lab_ID`) ON DELETE CASCADE ON UPDATE CASCADE,
  CONSTRAINT `FK_test_lab_test` FOREIGN KEY (`T_ID`) REFERENCES `test` (`T_ID`) ON DELETE CASCADE ON UPDATE CASCADE
) ENGINE=InnoDB DEFAULT CHARSET=utf8 COLLATE=utf8_unicode_ci;
/*!40101 SET character_set_client = @saved_cs_client */;

--
-- Dumping data for table `test_lab`
--

LOCK TABLES `test_lab` WRITE;
/*!40000 ALTER TABLE `test_lab` DISABLE KEYS */;
INSERT INTO `test_lab` (`T_ID`, `Lab_ID`) VALUES (34,1),(44,1),(46,1),(53,1),(54,1),(59,1),(61,2),(63,1),(64,1);
/*!40000 ALTER TABLE `test_lab` ENABLE KEYS */;
UNLOCK TABLES;
/*!40103 SET TIME_ZONE=@OLD_TIME_ZONE */;

/*!40101 SET SQL_MODE=@OLD_SQL_MODE */;
/*!40014 SET FOREIGN_KEY_CHECKS=@OLD_FOREIGN_KEY_CHECKS */;
/*!40014 SET UNIQUE_CHECKS=@OLD_UNIQUE_CHECKS */;
/*!40101 SET CHARACTER_SET_CLIENT=@OLD_CHARACTER_SET_CLIENT */;
/*!40101 SET CHARACTER_SET_RESULTS=@OLD_CHARACTER_SET_RESULTS */;
/*!40101 SET COLLATION_CONNECTION=@OLD_COLLATION_CONNECTION */;
/*!40111 SET SQL_NOTES=@OLD_SQL_NOTES */;

<<<<<<< HEAD
-- Dump completed on 2020-03-02 10:57:02

/*!50003 DROP PROCEDURE IF EXISTS `allowedAttempt` */;
/*!50003 SET @saved_cs_client      = @@character_set_client */ ;
/*!50003 SET @saved_cs_results     = @@character_set_results */ ;
/*!50003 SET @saved_col_connection = @@collation_connection */ ;
/*!50003 SET character_set_client  = utf8mb4 */ ;
/*!50003 SET character_set_results = utf8mb4 */ ;
/*!50003 SET collation_connection  = utf8mb4_general_ci */ ;
/*!50003 SET @saved_sql_mode       = @@sql_mode */ ;
/*!50003 SET sql_mode              = 'IGNORE_SPACE,STRICT_TRANS_TABLES,NO_AUTO_CREATE_USER,NO_ENGINE_SUBSTITUTION' */ ;
DELIMITER ;;
CREATE DEFINER=`root`@`localhost` PROCEDURE `allowedAttempt`(IN ST_ID int)
BEGIN


CREATE OR REPLACE TEMPORARY TABLE new_tbl SELECT batch_id FROM stu_batch natural join student where s_id = ST_ID;


CREATE OR REPLACE TEMPORARY TABLE new_tbl2 (select lab_id, name from lab where batch_id in (select batch_id from new_tbl));

CREATE OR REPLACE TEMPORARY TABLE new_tbl3 (select t_id,Name lname from test_lab natural join lab where lab_id in (select lab_id from new_tbl2));

CREATE OR REPLACE TEMPORARY TABLE new_tbl4 (select t_id,name from test where t_id in (select t_id from new_tbl3) and live = true) ;

CREATE OR REPLACE  TEMPORARY TABLE  new_tbl5 (select t_id from result where S_ID = ST_ID);

select t_id,name,lname from  new_tbl3 natural  join new_tbl4 where t_id not in (select  t_id from new_tbl5);



drop table new_tbl;
drop table new_tbl2;
drop table new_tbl3;
drop table new_tbl4;
drop table new_tbl5;

END ;;
DELIMITER ;
=======
-- Dump completed on 2020-03-16 19:34:23
>>>>>>> 99a93c1c5628998ab96a84192ae389ac6870b339
